fid;Nomor;Nama Anggota;Jalur
1;TEBO-TEBO TENGAH-MANGUN JAYO-001;ANSORI, S.Fil.i;Komisi III
2;TEBO-TEBO TENGAH-MANGUN JAYO-002;ANSORI, S.Fil.i;Komisi III
3;TEBO-TEBO TENGAH-MANGUN JAYO-003;ANSORI, S.Fil.i;Komisi III
4;TEBO-TEBO TENGAH-MANGUN JAYO-004;ANSORI, S.Fil.i;Komisi III
5;TEBO-TEBO TENGAH-MANGUN JAYO-005;ANSORI, S.Fil.i;Komisi III
6;TEBO-TEBO TENGAH-MANGUN JAYO-006;ANSORI, S.Fil.i;Komisi III
7;TEBO-TEBO TENGAH-MANGUN JAYO-007;ANSORI, S.Fil.i;Komisi III
8;TEBO-TEBO TENGAH-MANGUN JAYO-008;ANSORI, S.Fil.i;Komisi III
9;TEBO-TEBO TENGAH-MANGUN JAYO-009;ANSORI, S.Fil.i;Komisi III
10;TEBO-TEBO TENGAH-MANGUN JAYO-010;ANSORI, S.Fil.i;Komisi III
11;TEBO-SUMAY-TERITI-001;ANSORI, S.Fil.i;Komisi III
12;TEBO-SUMAY-TERITI-002;ANSORI, S.Fil.i;Komisi III
13;TEBO-SUMAY-TERITI-003;ANSORI, S.Fil.i;Komisi III
14;TEBO-SUMAY-TERITI-004;ANSORI, S.Fil.i;Komisi III
15;TEBO-SUMAY-TERITI-005;ANSORI, S.Fil.i;Komisi III
16;TEBO-TEBO TENGAH-BEDARO RAMPAK-001;Hj. EKA MADJID MUAZ, S.E., M.H;Komisi III
17;TEBO-TEBO TENGAH-BEDARO RAMPAK-002;Hj. EKA MADJID MUAZ, S.E., M.H;Komisi III
18;TEBO-TEBO TENGAH-BEDARO RAMPAK-003;Hj. EKA MADJID MUAZ, S.E., M.H;Komisi III
19;TEBO-TEBO TENGAH-BEDARO RAMPAK-004;Hj. EKA MADJID MUAZ, S.E., M.H;Komisi III
20;TEBO-TEBO TENGAH-BEDARO RAMPAK-005;Hj. EKA MADJID MUAZ, S.E., M.H;Komisi III
21;TEBO-TEBO TENGAH-BEDARO RAMPAK-006;Hj. EKA MADJID MUAZ, S.E., M.H;Komisi III
22;TEBO-TEBO TENGAH-BEDARO RAMPAK-007;Hj. EKA MADJID MUAZ, S.E., M.H;Komisi III
23;TEBO-TEBO TENGAH-BEDARO RAMPAK-008;Hj. EKA MADJID MUAZ, S.E., M.H;Komisi III
24;TEBO-TEBO TENGAH-BEDARO RAMPAK-009;Hj. EKA MADJID MUAZ, S.E., M.H;Komisi III
25;TEBO-TEBO TENGAH-BEDARO RAMPAK-010;Hj. EKA MADJID MUAZ, S.E., M.H;Komisi III
26;TEBO-RIMBO ILIR-SEPAKAT BERSATU-001;Hj. EKA MADJID MUAZ, S.E., M.H;Komisi III
27;TEBO-RIMBO ILIR-SEPAKAT BERSATU-002;Hj. EKA MADJID MUAZ, S.E., M.H;Komisi III
28;TEBO-RIMBO ILIR-SEPAKAT BERSATU-003;Hj. EKA MADJID MUAZ, S.E., M.H;Komisi III
29;TEBO-RIMBO ILIR-SEPAKAT BERSATU-004;Hj. EKA MADJID MUAZ, S.E., M.H;Komisi III
30;TEBO-RIMBO ILIR-SEPAKAT BERSATU-005;Hj. EKA MADJID MUAZ, S.E., M.H;Komisi III
31;KOTA JAMBI-KOTA BARU-KENALI BESAR-002;Hj. Yuli Yuliarti, S.E., M.M.;Komisi III
32;KOTA JAMBI-KOTA BARU-KENALI BESAR-001;Hj. Yuli Yuliarti, S.E., M.M.;Komisi III
33;KOTA JAMBI-KOTA BARU-KENALI ASAM ATAS-002;Hj. Yuli Yuliarti, S.E., M.M.;Komisi III
34;KOTA JAMBI-KOTA BARU-KENALI ASAM ATAS-001;Hj. Yuli Yuliarti, S.E., M.M.;Komisi III
35;KOTA JAMBI-PAAL MERAH-EKA JAYA-007;Hj. Yuli Yuliarti, S.E., M.M.;Komisi III
36;KOTA JAMBI-PAAL MERAH-EKA JAYA-006;Hj. Yuli Yuliarti, S.E., M.M.;Komisi III
37;KOTA JAMBI-PAAL MERAH-EKA JAYA-005;Hj. Yuli Yuliarti, S.E., M.M.;Komisi III
38;KOTA JAMBI-PAAL MERAH-EKA JAYA-004;Hj. Yuli Yuliarti, S.E., M.M.;Komisi III
39;KOTA JAMBI-PAAL MERAH-EKA JAYA-003;Hj. Yuli Yuliarti, S.E., M.M.;Komisi III
40;KOTA JAMBI-PAAL MERAH-EKA JAYA-002;Hj. Yuli Yuliarti, S.E., M.M.;Komisi III
41;KOTA JAMBI-PAAL MERAH-EKA JAYA-001;Hj. Yuli Yuliarti, S.E., M.M.;Komisi III
42;Muaro Jambi-Mestong-Desa Suka Damai-001;Ririn Novianty, S.E.;Komisi III
43;Muaro Jambi-Mestong-Desa Suka Damai-002;Ririn Novianty, S.E.;Komisi III
44;Muaro Jambi-Mestong-Desa Suka Damai-003;Ririn Novianty, S.E.;Komisi III
45;Muaro Jambi-Mestong-Desa Suka Damai-004;Ririn Novianty, S.E.;Komisi III
46;Muaro Jambi-Mestong-Desa Suka Damai-005;Ririn Novianty, S.E.;Komisi III
47;Muaro Jambi-Sungai Bahar-Unit 2-001;Ririn Novianty, S.E.;Komisi III
48;Muaro Jambi-Sungai Bahar-Unit 2-002;Ririn Novianty, S.E.;Komisi III
49;Muaro Jambi-Sungai Bahar-Unit 2-003;Ririn Novianty, S.E.;Komisi III
50;Muaro Jambi-Sungai Bahar-Unit 2-004;Ririn Novianty, S.E.;Komisi III
51;Muaro Jambi-Sungai Bahar-Unit 2-005;Ririn Novianty, S.E.;Komisi III
52;Muaro Jambi-Sungai Bahar-Unit 5-001;Ririn Novianty, S.E.;Komisi III
53;Muaro Jambi-Sungai Bahar-Unit 5-002;Ririn Novianty, S.E.;Komisi III
54;Muaro Jambi-Sungai Bahar-Unit 5-003;Ririn Novianty, S.E.;Komisi III
55;Muaro Jambi-Sungai Bahar-Unit 5-004;Ririn Novianty, S.E.;Komisi III
56;Muaro Jambi-Sungai Bahar-Unit 5-005;Ririn Novianty, S.E.;Komisi III
57;MUARO BUNGO-SEPENGGAL LINTAS-LUBUK LANDAI-001;Hambali;Komisi III
58;MUARO BUNGO-SEPENGGAL LINTAS-LUBUK LANDAI-002;Hambali;Komisi III
59;MUARO BUNGO-SEPENGGAL LINTAS-LUBUK LANDAI-003;Hambali;Komisi III
60;MUARO BUNGO-SEPENGGAL LINTAS-LUBUK LANDAI-004;Hambali;Komisi III
61;MUARO BUNGO-SEPENGGAL LINTAS-LUBUK LANDAI-005;Hambali;Komisi III
62;MUARO BUNGO-SEPENGGAL LINTAS-LUBUK LANDAI-006;Hambali;Komisi III
63;MUARO BUNGO-SEPENGGAL LINTAS-LUBUK LANDAI-007;Hambali;Komisi III
64;MUARO BUNGO-SEPENGGAL LINTAS-LUBUK LANDAI-008;Hambali;Komisi III
65;MUARO BUNGO-SEPENGGAL LINTAS-LUBUK LANDAI-009;Hambali;Komisi III
66;MUARO BUNGO-SEPENGGAL LINTAS-LUBUK LANDAI-010;Hambali;Komisi III
67;MUARO BUNGO-SEPENGGAL LINTAS-LUBUK LANDAI-011;Hambali;Komisi III
68;MUARO BUNGO-SEPENGGAL LINTAS-LUBUK LANDAI-012;Hambali;Komisi III
69;MUARO BUNGO-SEPENGGAL LINTAS-LUBUK LANDAI-013;Hambali;Komisi III
70;MUARO BUNGO-SEPENGGAL LINTAS-LUBUK LANDAI-014;Hambali;Komisi III
71;MUARO BUNGO-SEPENGGAL LINTAS-LUBUK LANDAI-015;Hambali;Komisi III
72;MUARO BUNGO-SEPENGGAL LINTAS-LUBUK LANDAI-016;Hambali;Komisi III
73;MUARO BUNGO-SEPENGGAL LINTAS-LUBUK LANDAI-017;Hambali;Komisi III
74;MUARO BUNGO-SEPENGGAL LINTAS-LUBUK LANDAI-018;Hambali;Komisi III
75;MUARO BUNGO-SEPENGGAL LINTAS-LUBUK LANDAI-019;Hambali;Komisi III
76;MUARO BUNGO-SEPENGGAL LINTAS-LUBUK LANDAI-020;Hambali;Komisi III
77;MUARO BUNGO-SEPENGGAL LINTAS-TANAH BEKALI-001;Mustaharuddin, S.E.;Komisi III
78;MUARO BUNGO-SEPENGGAL LINTAS-TANAH BEKALI-002;Mustaharuddin, S.E.;Komisi III
79;MUARO BUNGO-SEPENGGAL LINTAS-TANAH BEKALI-003;Mustaharuddin, S.E.;Komisi III
80;TANJUNG JABUNG BARAT-SENYERANG-SUNGAI KAYU ARO-005;Ahmad Jahfar, S.H.;Komisi III
81;TANJUNG JABUNG BARAT-SENYERANG-SUNGAI KAYU ARO-004;Ahmad Jahfar, S.H.;Komisi III
82;TANJUNG JABUNG BARAT-SENYERANG-SUNGAI KAYU ARO-003;Ahmad Jahfar, S.H.;Komisi III
83;TANJUNG JABUNG BARAT-SENYERANG-SUNGAI KAYU ARO-002;Ahmad Jahfar, S.H.;Komisi III
84;TANJUNG JABUNG BARAT-SENYERANG-SUNGAI KAYU ARO-001;Ahmad Jahfar, S.H.;Komisi III
85;TANJUNG JABUNG BARAT-BATANG ASAM-DUSUN KEBUN-002;Ahmad Jahfar, S.H.;Komisi III
86;TANJUNG JABUNG BARAT-BATANG ASAM-DUSUN KEBUN-001;Ahmad Jahfar, S.H.;Komisi III
87;TANJUNG JABUNG BARAT-TEBING TINGGI-TEBING TINGGI-005;Ahmad Jahfar, S.H.;Komisi III
88;TANJUNG JABUNG BARAT-TEBING TINGGI-TEBING TINGGI-004;Ahmad Jahfar, S.H.;Komisi III
89;TANJUNG JABUNG BARAT-TEBING TINGGI-TEBING TINGGI-003;Ahmad Jahfar, S.H.;Komisi III
90;TANJUNG JABUNG BARAT-TEBING TINGGI-TEBING TINGGI-002;Ahmad Jahfar, S.H.;Komisi III
91;TANJUNG JABUNG BARAT-TEBING TINGGI-TEBING TINGGI-001;Ahmad Jahfar, S.H.;Komisi III
93;MERANGIN-PAMENANG BARAT-LIMBUR-001;Syafaruddin;Komisi III
96;MERANGIN-PAMENANG BARAT-PAPIT-001;Syafaruddin;Komisi III
97;MERANGIN-PAMENANG BARAT-PAPIT-002;Syafaruddin;Komisi III
107;MERANGIN-PAMENANG-PAMENANG-001;Syafaruddin;Komisi III
110;MERANGIN-PAMENANG-PAMENANG-003;Syafaruddin;Komisi III
111;MERANGIN-PAMENANG-PAMENANG-004;Syafaruddin;Komisi III
112;MERANGIN-PAMENANG-PAMENANG-002;Syafaruddin;Komisi III
116;MERANGIN-PAMENANG BARAT-TANJUNG GEDANG-002;Syafaruddin;Komisi III
117;SAROLANGUN-BATANG ASAI-BATU EMPANG-001;Gubernur Jambi;Gubernur
118;SAROLANGUN-BATANG ASAI-BATU EMPANG-002;Gubernur Jambi;Gubernur
119;SAROLANGUN-BATANG ASAI-BATU EMPANG-003;Gubernur Jambi;Gubernur
120;SAROLANGUN-BATANG ASAI-BATU EMPANG-004;Gubernur Jambi;Gubernur
121;SAROLANGUN-BATANG ASAI-BATU EMPANG-005;Gubernur Jambi;Gubernur
122;SAROLANGUN-BATANG ASAI-BATU EMPANG-006;Gubernur Jambi;Gubernur
123;SAROLANGUN-BATANG ASAI-BATU EMPANG-007;Gubernur Jambi;Gubernur
124;SAROLANGUN-BATANG ASAI-BATU EMPANG-008;Gubernur Jambi;Gubernur
125;SAROLANGUN-BATANG ASAI-BATU EMPANG-009;Gubernur Jambi;Gubernur
126;SAROLANGUN-BATANG ASAI-BATU EMPANG-010;Gubernur Jambi;Gubernur
127;TEBO-TEBO ILIR-BETUNG BEDARAH-001;Mustaharuddin, S.E.;Komisi III
128;TEBO-TEBO ILIR-BETUNG BEDARAH-002;Mustaharuddin, S.E.;Komisi III
129;TEBO-TENGAH ILIR-RANTAU API-001;Mustaharuddin, S.E.;Komisi III
130;TEBO-TENGAH ILIR-RANTAU API-002;Mustaharuddin, S.E.;Komisi III
131;TEBO-VII KOTO-AUR CINO-001;Mustaharuddin, S.E.;Komisi III
132;TEBO-VII KOTO-AUR CINO-002;Mustaharuddin, S.E.;Komisi III
133;TEBO-VII KOTO-AUR CINO-003;Mustaharuddin, S.E.;Komisi III
134;TEBO-VII KOTO-AUR CINO-004;Mustaharuddin, S.E.;Komisi III
135;TEBO-VII KOTO-TELUK KAYU PUTIH-001;Mustaharuddin, S.E.;Komisi III
136;TEBO-VII KOTO-TELUK KAYU PUTIH-002;Mustaharuddin, S.E.;Komisi III
137;TEBO-VII KOTO-TELUK KAYU PUTIH-003;Mustaharuddin, S.E.;Komisi III
138;TEBO-VII KOTO-TELUK KAYU PUTIH-004;Mustaharuddin, S.E.;Komisi III
139;BATANG HARI-PEMAYUNG-TURE-001;Sapuan Ansori, S.E.;Komisi III
140;BATANG HARI-PEMAYUNG-TURE-002;Sapuan Ansori, S.E.;Komisi III
141;BATANG HARI-PEMAYUNG-TURE-003;Sapuan Ansori, S.E.;Komisi III
142;BATANG HARI-PEMAYUNG-TURE-004;Sapuan Ansori, S.E.;Komisi III
143;BATANG HARI-PEMAYUNG-TURE-005;Sapuan Ansori, S.E.;Komisi III
144;BATANG HARI-PEMAYUNG-TURE-006;Sapuan Ansori, S.E.;Komisi III
145;BATANG HARI-PEMAYUNG-TURE-007;Sapuan Ansori, S.E.;Komisi III
146;BATANG HARI-PEMAYUNG-TURE-008;Sapuan Ansori, S.E.;Komisi III
147;BATANG HARI-PEMAYUNG-TURE-009;Sapuan Ansori, S.E.;Komisi III
148;BATANG HARI-PEMAYUNG-TURE-010;Sapuan Ansori, S.E.;Komisi III
149;BATANG HARI-PEMAYUNG-TELUK KETAPANG-001;Sapuan Ansori, S.E.;Komisi III
150;BATANG HARI-PEMAYUNG-TELUK KETAPANG-002;Sapuan Ansori, S.E.;Komisi III
151;BATANG HARI-PEMAYUNG-TELUK KETAPANG-003;Sapuan Ansori, S.E.;Komisi III
152;BATANG HARI-PEMAYUNG-PULAU BETUNG-001;Sapuan Ansori, S.E.;Komisi III
153;BATANG HARI-PEMAYUNG-PULAU BETUNG-002;Sapuan Ansori, S.E.;Komisi III
154;BATANG HARI-PEMAYUNG-PULAU BETUNG-003;Sapuan Ansori, S.E.;Komisi III
155;BATANG HARI-PEMAYUNG-PULAU BETUNG-004;Sapuan Ansori, S.E.;Komisi III
156;BATANG HARI-PEMAYUNG-PULAU BETUNG-005;Sapuan Ansori, S.E.;Komisi III
157;BATANG HARI-PEMAYUNG-PULAU BETUNG-006;Sapuan Ansori, S.E.;Komisi III
158;BATANG HARI-PEMAYUNG-PULAU BETUNG-007;Sapuan Ansori, S.E.;Komisi III
159;BATANG HARI-PEMAYUNG-PULAU BETUNG-008;Sapuan Ansori, S.E.;Komisi III
160;BATANG HARI-PEMAYUNG-PULAU BETUNG-009;Sapuan Ansori, S.E.;Komisi III
161;BATANG HARI-PEMAYUNG-PULAU BETUNG-010;Sapuan Ansori, S.E.;Komisi III
162;BATANG HARI-PEMAYUNG-PULAU BETUNG-011;Sapuan Ansori, S.E.;Komisi III
163;BATANG HARI-PEMAYUNG-PULAU BETUNG-012;Sapuan Ansori, S.E.;Komisi III
164;BATANG HARI-PEMAYUNG-PULAU BETUNG-013;Sapuan Ansori, S.E.;Komisi III
165;BATANG HARI-PEMAYUNG-PULAU BETUNG-014;Sapuan Ansori, S.E.;Komisi III
166;BATANG HARI-PEMAYUNG-PULAU BETUNG-015;Sapuan Ansori, S.E.;Komisi III
167;TANJUNG JABUNG BARAT-SENYERANG-SUNGAI KAYU ARO-006;Ahmad Jahfar, S.H.;Komisi III
168;KOTA JAMBI-ALAM BARAJO-BAGAN PETE-001;Ahmad Jahfar, S.H.;Komisi III
169;MUARO JAMBI-JALUKO-PEMATANG GAJAH-001;Ahmad Jahfar, S.H.;Komisi III
170;KOTA JAMBI-JAMBI TIMUR-KASANG-002;Hj. Yuli Yuliarti, S.E., M.M.;Komisi III
171;KOTA JAMBI-JAMBI TIMUR-KASANG-001;Hj. Yuli Yuliarti, S.E., M.M.;Komisi III
172;KOTA JAMBI-KOTA BARU-KENALI ASAM ATAS-004;Hj. Yuli Yuliarti, S.E., M.M.;Komisi III
173;KOTA JAMBI-KOTA BARU-KENALI ASAM ATAS-003;Hj. Yuli Yuliarti, S.E., M.M.;Komisi III
174;SAROLANGUN-BATANG ASAI-BATU EMPANG-011;Gubernur Jambi;Gubernur
175;SAROLANGUN-BATANG ASAI-BATU EMPANG-012;Gubernur Jambi;Gubernur
176;SAROLANGUN-BATANG ASAI-BATU EMPANG-013;Gubernur Jambi;Gubernur
177;SAROLANGUN-BATANG ASAI-BATU EMPANG-014;Gubernur Jambi;Gubernur
178;SAROLANGUN-BATANG ASAI-BATU EMPANG-015;Gubernur Jambi;Gubernur
180;KOTA JAMBI-JAMBI TIMUR-TANJUNG SARI-002;Putra Absor Hasibuan, S.H.;Komisi III
181;KOTA JAMBI-JAMBI TIMUR-TANJUNG SARI-003;Putra Absor Hasibuan, S.H.;Komisi III
182;KOTA JAMBI-JAMBI TIMUR-SIJENJANG-001;Putra Absor Hasibuan, S.H.;Komisi III
183;KOTA JAMBI-JAMBI TIMUR-KASANG-003;Putra Absor Hasibuan, S.H.;Komisi III
184;KOTA JAMBI-JAMBI TIMUR-KASANG-004;Putra Absor Hasibuan, S.H.;Komisi III
185;KOTA JAMBI-JAMBI TIMUR-KASANG JAYA-001;Putra Absor Hasibuan, S.H.;Komisi III
186;KOTA JAMBI-JAMBI TIMUR-KASANG JAYA-002;Putra Absor Hasibuan, S.H.;Komisi III
187;KOTA JAMBI-JAMBI TIMUR-KASANG JAYA-003;Putra Absor Hasibuan, S.H.;Komisi III
189;KOTA JAMBI-JAMBI TIMUR-KASANG JAYA-004;Putra Absor Hasibuan, S.H.;Komisi III
191;KOTA JAMBI-JAMBI TIMUR-KASANG JAYA-005;Putra Absor Hasibuan, S.H.;Komisi III
192;KOTA JAMBI-JAMBI TIMUR-TANJUNG PINANG-001;Putra Absor Hasibuan, S.H.;Komisi III
193;KOTA JAMBI-JAMBI TIMUR-TANJUNG PINANG-002;Putra Absor Hasibuan, S.H.;Komisi III
198;KOTA JAMBI-JAMBI TIMUR-TANJUNG PINANG-003;Putra Absor Hasibuan, S.H.;Komisi III
199;KOTA JAMBI-JAMBI TIMUR-SUNGAI ASAM-001;Putra Absor Hasibuan, S.H.;Komisi III
200;KOTA JAMBI-JAMBI TIMUR-SUNGAI ASAM-002;Putra Absor Hasibuan, S.H.;Komisi III
205;KOTA JAMBI-KOTA BARU-KENALI ASAM BAWAH-007;Putra Absor Hasibuan, S.H.;Komisi III
206;KOTA JAMBI-KOTA BARU-KENALI ASAM BAWAH-008;Putra Absor Hasibuan, S.H.;Komisi III
209;KOTA JAMBI-KOTA BARU-KENALI ASAM ATAS-011;Putra Absor Hasibuan, S.H.;Komisi III
210;KOTA JAMBI-KOTA BARU-KENALI BESAR-003;Putra Absor Hasibuan, S.H.;Komisi III
212;KOTA JAMBI-KOTA BARU-KENALI BESAR-004;Putra Absor Hasibuan, S.H.;Komisi III
214;KOTA JAMBI-JAMBI SELATAN-BAKUNG JAYA-002;Ir. Daulat Sitorus;Komisi III
215;KOTA JAMBI-KOTA BARU-KENALI ASAM BAWAH-001;Ir. Daulat Sitorus;Komisi III
216;KOTA JAMBI-KOTA BARU-SIMPANG III SIPIN-001;Ir. Daulat Sitorus;Komisi III
218;KOTA JAMBI-TELANAIPURA-BULURAN KENALI-001;Ir. Daulat Sitorus;Komisi III
219;KOTA JAMBI-TELANAIPURA-BULURAN KENALI-002;Ir. Daulat Sitorus;Komisi III
220;KOTA JAMBI-TELANAIPURA-PEMATANG SULUR-001;Ir. Daulat Sitorus;Komisi III
221;KOTA JAMBI-TELANAIPURA-PEMATANG SULUR-002;Ir. Daulat Sitorus;Komisi III
223;KOTA JAMBI-TELANAIPURA-PEMATANG SULUR-004;Ir. Daulat Sitorus;Komisi III
224;KOTA JAMBI-TELANAIPURA-PEMATANG SULUR-005;Ir. Daulat Sitorus;Komisi III
225;KOTA JAMBI-TELANAIPURA-PEMATANG SULUR-006;Ir. Daulat Sitorus;Komisi III
226;MUARO JAMBI-MESTONG-PELEMPANG-001;Ir. Daulat Sitorus;Komisi III
227;MUARO JAMBI-MESTONG-PELEMPANG-002;Ir. Daulat Sitorus;Komisi III
228;MUARO JAMBI-MESTONG-PELEMPANG-003;Ir. Daulat Sitorus;Komisi III
229;MUARO JAMBI-MESTONG-TEMPINO-001;Ir. Daulat Sitorus;Komisi III
230;MUARO JAMBI-MESTONG-TEMPINO-002;Ir. Daulat Sitorus;Komisi III
231;TANJUNG JABUNG TIMUR-KUALA JAMBI-TELUK MAJELIS-001;Bupati Tanjab Timur;Gubernur
232;TANJUNG JABUNG TIMUR-KUALA JAMBI-TELUK MAJELIS-002;Bupati Tanjab Timur;Gubernur
233;TANJUNG JABUNG TIMUR-KUALA JAMBI-TELUK MAJELIS-003;Bupati Tanjab Timur;Gubernur
234;TANJUNG JABUNG TIMUR-KUALA JAMBI-TELUK MAJELIS-004;Bupati Tanjab Timur;Gubernur
235;TANJUNG JABUNG TIMUR-KUALA JAMBI-TELUK MAJELIS-005;Bupati Tanjab Timur;Gubernur
236;TANJUNG JABUNG TIMUR-KUALA JAMBI-TELUK MAJELIS-006;Bupati Tanjab Timur;Gubernur
237;TANJUNG JABUNG TIMUR-KUALA JAMBI-TELUK MAJELIS-007;Bupati Tanjab Timur;Gubernur
238;TANJUNG JABUNG TIMUR-KUALA JAMBI-TELUK MAJELIS-008;Bupati Tanjab Timur;Gubernur
239;TANJUNG JABUNG TIMUR-KUALA JAMBI-MANUNGGAL MAKMUR-001;Bupati Tanjab Timur;Gubernur
240;TANJUNG JABUNG TIMUR-KUALA JAMBI-MANUNGGAL MAKMUR-002;Bupati Tanjab Timur;Gubernur
241;TANJUNG JABUNG TIMUR-KUALA JAMBI-MANUNGGAL MAKMUR-003;Bupati Tanjab Timur;Gubernur
242;TANJUNG JABUNG TIMUR-KUALA JAMBI-MANUNGGAL MAKMUR-004;Bupati Tanjab Timur;Gubernur
243;TANJUNG JABUNG TIMUR-KUALA JAMBI-MANUNGGAL MAKMUR-005;Bupati Tanjab Timur;Gubernur
244;TANJUNG JABUNG TIMUR-KUALA JAMBI-MANUNGGAL MAKMUR-006;Bupati Tanjab Timur;Gubernur
245;TANJUNG JABUNG TIMUR-KUALA JAMBI-MANUNGGAL MAKMUR-007;Bupati Tanjab Timur;Gubernur
246;TANJUNG JABUNG TIMUR-KUALA JAMBI-MANUNGGAL MAKMUR-008;Bupati Tanjab Timur;Gubernur
247;TANJUNG JABUNG TIMUR-KUALA JAMBI-MAJELIS HIDAYAH-001;Bupati Tanjab Timur;Gubernur
248;TANJUNG JABUNG TIMUR-KUALA JAMBI-MAJELIS HIDAYAH-002;Bupati Tanjab Timur;Gubernur
249;TANJUNG JABUNG TIMUR-KUALA JAMBI-MAJELIS HIDAYAH-003;Bupati Tanjab Timur;Gubernur
250;TANJUNG JABUNG TIMUR-KUALA JAMBI-MAJELIS HIDAYAH-004;Bupati Tanjab Timur;Gubernur
251;TANJUNG JABUNG TIMUR-KUALA JAMBI-MAJELIS HIDAYAH-005;Bupati Tanjab Timur;Gubernur
252;TANJUNG JABUNG TIMUR-KUALA JAMBI-MAJELIS HIDAYAH-006;Bupati Tanjab Timur;Gubernur
253;TANJUNG JABUNG TIMUR-KUALA JAMBI-MAJELIS HIDAYAH-007;Bupati Tanjab Timur;Gubernur
254;TANJUNG JABUNG TIMUR-KUALA JAMBI-MAJELIS HIDAYAH-008;Bupati Tanjab Timur;Gubernur
255;TANJUNG JABUNG TIMUR-KUALA JAMBI-KUALA LAGAN-001;Bupati Tanjab Timur;Gubernur
256;TANJUNG JABUNG TIMUR-KUALA JAMBI-KUALA LAGAN-002;Bupati Tanjab Timur;Gubernur
257;TANJUNG JABUNG TIMUR-KUALA JAMBI-KUALA LAGAN-003;Bupati Tanjab Timur;Gubernur
258;TANJUNG JABUNG TIMUR-KUALA JAMBI-KUALA LAGAN-004;Bupati Tanjab Timur;Gubernur
259;TANJUNG JABUNG TIMUR-KUALA JAMBI-KUALA LAGAN-005;Bupati Tanjab Timur;Gubernur
260;TANJUNG JABUNG TIMUR-KUALA JAMBI-KUALA LAGAN-006;Bupati Tanjab Timur;Gubernur
261;TANJUNG JABUNG TIMUR-KUALA JAMBI-KUALA LAGAN-007;Bupati Tanjab Timur;Gubernur
262;TANJUNG JABUNG TIMUR-KUALA JAMBI-KUALA LAGAN-008;Bupati Tanjab Timur;Gubernur
263;TANJUNG JABUNG TIMUR-KUALA JAMBI-TANJUNG SOLOK-001;Bupati Tanjab Timur;Gubernur
264;TANJUNG JABUNG TIMUR-KUALA JAMBI-TANJUNG SOLOK-002;Bupati Tanjab Timur;Gubernur
265;TANJUNG JABUNG TIMUR-KUALA JAMBI-TANJUNG SOLOK-003;Bupati Tanjab Timur;Gubernur
266;TANJUNG JABUNG TIMUR-KUALA JAMBI-TANJUNG SOLOK-004;Bupati Tanjab Timur;Gubernur
267;TANJUNG JABUNG TIMUR-KUALA JAMBI-TANJUNG SOLOK-005;Bupati Tanjab Timur;Gubernur
268;TANJUNG JABUNG TIMUR-KUALA JAMBI-TANJUNG SOLOK-006;Bupati Tanjab Timur;Gubernur
269;TANJUNG JABUNG TIMUR-KUALA JAMBI-TANJUNG SOLOK-007;Bupati Tanjab Timur;Gubernur
270;TANJUNG JABUNG TIMUR-KUALA JAMBI-TANJUNG SOLOK-008;Bupati Tanjab Timur;Gubernur
271;TANJUNG JABUNG TIMUR-KUALA JAMBI-TANJUNG SOLOK-009;Bupati Tanjab Timur;Gubernur
272;TANJUNG JABUNG TIMUR-KUALA JAMBI-KAMPUNG LAUT-001;Bupati Tanjab Timur;Gubernur
273;TANJUNG JABUNG TIMUR-KUALA JAMBI-KAMPUNG LAUT-002;Bupati Tanjab Timur;Gubernur
274;TANJUNG JABUNG TIMUR-KUALA JAMBI-KAMPUNG LAUT-003;Bupati Tanjab Timur;Gubernur
275;TANJUNG JABUNG TIMUR-KUALA JAMBI-KAMPUNG LAUT-004;Bupati Tanjab Timur;Gubernur
276;TANJUNG JABUNG TIMUR-KUALA JAMBI-KAMPUNG LAUT-005;Bupati Tanjab Timur;Gubernur
277;TANJUNG JABUNG TIMUR-KUALA JAMBI-KAMPUNG LAUT-006;Bupati Tanjab Timur;Gubernur
278;TANJUNG JABUNG TIMUR-KUALA JAMBI-KAMPUNG LAUT-007;Bupati Tanjab Timur;Gubernur
279;TANJUNG JABUNG TIMUR-KUALA JAMBI-KAMPUNG LAUT-008;Bupati Tanjab Timur;Gubernur
280;TANJUNG JABUNG TIMUR-KUALA JAMBI-KAMPUNG LAUT-009;Bupati Tanjab Timur;Gubernur
281;KERINCI-SIULAK-TELAGO BIRU-001;Arwiyanto, S.E.;Komisi III
282;KERINCI-SIULAK-TELAGO BIRU-002;Arwiyanto, S.E.;Komisi III
283;KERINCI-SIULAK-BANDAR SEDAP-001;Arwiyanto, S.E.;Komisi III
284;KERINCI-SIULAK-BANDAR SEDAP-002;Arwiyanto, S.E.;Komisi III
285;KERINCI-SIULAK-DUSUN DALAM-001;Arwiyanto, S.E.;Komisi III
286;KERINCI-SIULAK-DUSUN DALAM-002;Arwiyanto, S.E.;Komisi III
287;KERINCI-SIULAK-KOTO BERINGIN-001;Arwiyanto, S.E.;Komisi III
288;KERINCI-SIULAK-KOTO BERINGIN-002;Arwiyanto, S.E.;Komisi III
289;KERINCI-SIULAK-DEMONG SAKTI-001;Arwiyanto, S.E.;Komisi III
290;KERINCI-SIULAK-DEMONG SAKTI-002;Arwiyanto, S.E.;Komisi III
291;KERINCI-SIULAK-PASAR SENEN-001;Arwiyanto, S.E.;Komisi III
292;KERINCI-SIULAK-PASAR SENEN-002;Arwiyanto, S.E.;Komisi III
293;KERINCI-SIULAK-KOTO ARO-001;Arwiyanto, S.E.;Komisi III
294;KERINCI-SIULAK-KOTO ARO-002;Arwiyanto, S.E.;Komisi III
295;KERINCI-SIULAK-KOTO ARO-003;Arwiyanto, S.E.;Komisi III
296;KERINCI-GUNUNG KERINCI-SIULAK DERAS MUDIK-006;Arwiyanto, S.E.;Komisi III
297;KERINCI-GUNUNG KERINCI-SIULAK DERAS MUDIK-007;Arwiyanto, S.E.;Komisi III
298;KERINCI-GUNUNG KERINCI-SIULAK DERAS MUDIK-008;Arwiyanto, S.E.;Komisi III
299;KERINCI-GUNUNG KERINCI-SIULAK DERAS MUDIK-001;Arwiyanto, S.E.;Komisi III
300;KERINCI-GUNUNG KERINCI-SIULAK DERAS MUDIK-002;Arwiyanto, S.E.;Komisi III
301;KERINCI-GUNUNG KERINCI-SIULAK DERAS MUDIK-003;Arwiyanto, S.E.;Komisi III
302;KERINCI-GUNUNG KERINCI-SIULAK DERAS MUDIK-004;Arwiyanto, S.E.;Komisi III
303;KERINCI-GUNUNG KERINCI-SIULAK DERAS MUDIK-005;Arwiyanto, S.E.;Komisi III
304;KERINCI-GUNUNG KERINCI-SIULAK DERAS MUDIK-009;Arwiyanto, S.E.;Komisi III
305;KERINCI-GUNUNG KERINCI-SIULAK DERAS MUDIK-010;Arwiyanto, S.E.;Komisi III
306;KERINCI-AIR HANGAT TIMUR-KEMANTAN MUDIK-001;Bupati Kerinci;Gubernur
307;KERINCI-AIR HANGAT TIMUR-KEMANTAN MUDIK-002;Bupati Kerinci;Gubernur
308;KERINCI-AIR HANGAT TIMUR-KEMANTAN MUDIK-003;Bupati Kerinci;Gubernur
309;KERINCI-AIR HANGAT TIMUR-KEMANTAN MUDIK-004;Bupati Kerinci;Gubernur
310;KERINCI-SIULAK MUKAI-KOTO LUAR-001;Bupati Kerinci;Gubernur
311;KERINCI-SIULAK MUKAI-KOTO LUAR-002;Bupati Kerinci;Gubernur
312;KERINCI-SIULAK MUKAI-TALANG TINGGI-001;Bupati Kerinci;Gubernur
313;KERINCI-SIULAK MUKAI-TALANG TINGGI-002;Bupati Kerinci;Gubernur
314;KERINCI-AIR HANGAT-KOTO DUA LAMA-001;Bupati Kerinci;Gubernur
315;KERINCI-SIULAK MUKAI-TALANG TINGGI-003;Bupati Kerinci;Gubernur
316;KERINCI-SIULAK MUKAI-TALANG TINGGI-004;Bupati Kerinci;Gubernur
317;KERINCI-GUNUNG TUJUH-TELUN BERASAP-001;Bupati Kerinci;Gubernur
318;KERINCI-SIULAK MUKAI-MUKAI TINGGI-001;Bupati Kerinci;Gubernur
319;KERINCI-SIULAK MUKAI-MUKAI TINGGI-002;Bupati Kerinci;Gubernur
320;KERINCI-SIULAK MUKAI-TALANG TINGGI-005;Bupati Kerinci;Gubernur
321;KERINCI-SIULAK MUKAI-MUKAI TINGGI-003;Bupati Kerinci;Gubernur
322;KERINCI-SIULAK MUKAI-MUKAI TINGGI-004;Bupati Kerinci;Gubernur
323;KERINCI-SIULAK MUKAI-TALANG TINGGI-006;Bupati Kerinci;Gubernur
324;KERINCI-GUNUNG TUJUH-JERNIH JAYA-001;Bupati Kerinci;Gubernur
325;KERINCI-GUNUNG TUJUH-JERNIH JAYA-002;Bupati Kerinci;Gubernur
326;KERINCI-AIR HANGAT-HAMPARAN PUGU-001;Bupati Kerinci;Gubernur
327;KERINCI-AIR HANGAT-KOTO DUA LAMA-002;Bupati Kerinci;Gubernur
328;KERINCI-AIR HANGAT-HAMPARAN PUGU-002;Bupati Kerinci;Gubernur
329;KERINCI-SIULAK-TEBING TINGGI-001;Bupati Kerinci;Gubernur
330;KERINCI-SIULAK-TEBING TINGGI-002;Bupati Kerinci;Gubernur
331;KERINCI-SIULAK MUKAI-MUKAI TINGGI-005;Bupati Kerinci;Gubernur
332;KERINCI-SIULAK MUKAI-SENIMPIK-001;Bupati Kerinci;Gubernur
333;KERINCI-SIULAK MUKAI-SENIMPIK-002;Bupati Kerinci;Gubernur
334;KERINCI-SIULAK MUKAI-SENIMPIK-003;Bupati Kerinci;Gubernur
335;KERINCI-SIULAK MUKAI-SENIMPIK-004;Bupati Kerinci;Gubernur
336;SAROLANGUN-SINGKUT-PAYO LEBAR-001;Samsul Riduan, S.T.;Ketua DPRD
337;SAROLANGUN-SINGKUT-PAYO LEBAR-002;Samsul Riduan, S.T.;Ketua DPRD
338;SAROLANGUN-SINGKUT-PAYO LEBAR-003;Samsul Riduan, S.T.;Ketua DPRD
339;SAROLANGUN-SINGKUT-PAYO LEBAR-004;Samsul Riduan, S.T.;Ketua DPRD
340;SAROLANGUN-SINGKUT-PAYO LEBAR-005;Samsul Riduan, S.T.;Ketua DPRD
341;SAROLANGUN-SINGKUT-PAYO LEBAR-006;Samsul Riduan, S.T.;Ketua DPRD
342;SAROLANGUN-SINGKUT-PAYO LEBAR-007;Samsul Riduan, S.T.;Ketua DPRD
343;SAROLANGUN-SINGKUT-PAYO LEBAR-008;Samsul Riduan, S.T.;Ketua DPRD
344;SAROLANGUN-SINGKUT-PAYO LEBAR-009;Samsul Riduan, S.T.;Ketua DPRD
345;SAROLANGUN-SINGKUT-PAYO LEBAR-010;Samsul Riduan, S.T.;Ketua DPRD
346;SAROLANGUN-SINGKUT-PAYO LEBAR-011;Samsul Riduan, S.T.;Ketua DPRD
347;SAROLANGUN-SINGKUT-PAYO LEBAR-012;Samsul Riduan, S.T.;Ketua DPRD
348;SAROLANGUN-SINGKUT-PAYO LEBAR-013;Samsul Riduan, S.T.;Ketua DPRD
349;SAROLANGUN-SINGKUT-PAYO LEBAR-014;Samsul Riduan, S.T.;Ketua DPRD
350;SAROLANGUN-SINGKUT-PAYO LEBAR-015;Samsul Riduan, S.T.;Ketua DPRD
351;SAROLANGUN-SINGKUT-PAYO LEBAR-016;Samsul Riduan, S.T.;Ketua DPRD
352;SAROLANGUN-SINGKUT-PAYO LEBAR-017;Samsul Riduan, S.T.;Ketua DPRD
353;SAROLANGUN-SINGKUT-PAYO LEBAR-018;Samsul Riduan, S.T.;Ketua DPRD
354;SAROLANGUN-SINGKUT-PAYO LEBAR-019;Samsul Riduan, S.T.;Ketua DPRD
355;SAROLANGUN-SINGKUT-PAYO LEBAR-020;Samsul Riduan, S.T.;Ketua DPRD
356;SAROLANGUN-SINGKUT-SILIWANGI-001;Samsul Riduan, S.T.;Ketua DPRD
357;SAROLANGUN-SINGKUT-SILIWANGI-010;Samsul Riduan, S.T.;Ketua DPRD
358;SAROLANGUN-SINGKUT-SILIWANGI-002;Samsul Riduan, S.T.;Ketua DPRD
359;SAROLANGUN-SINGKUT-SILIWANGI-003;Samsul Riduan, S.T.;Ketua DPRD
360;SAROLANGUN-SINGKUT-SILIWANGI-004;Samsul Riduan, S.T.;Ketua DPRD
361;SAROLANGUN-SINGKUT-SILIWANGI-005;Samsul Riduan, S.T.;Ketua DPRD
362;SAROLANGUN-SINGKUT-SILIWANGI-006;Samsul Riduan, S.T.;Ketua DPRD
363;SAROLANGUN-SINGKUT-SILIWANGI-007;Samsul Riduan, S.T.;Ketua DPRD
364;SAROLANGUN-SINGKUT-SILIWANGI-008;Samsul Riduan, S.T.;Ketua DPRD
365;SAROLANGUN-SINGKUT-SILIWANGI-009;Samsul Riduan, S.T.;Ketua DPRD
366;MERANGIN-BATANG MASUMAI-SALAM BUKU-001;Dr. Ir. H. Ahmad Fauzi Ansori, M.T.;Ketua DPRD
367;MERANGIN-BATANG MASUMAI-SALAM BUKU-002;Dr. Ir. H. Ahmad Fauzi Ansori, M.T.;Ketua DPRD
368;MERANGIN-BATANG MASUMAI-SALAM BUKU-003;Dr. Ir. H. Ahmad Fauzi Ansori, M.T.;Ketua DPRD
369;MERANGIN-BATANG MASUMAI-SALAM BUKU-004;Dr. Ir. H. Ahmad Fauzi Ansori, M.T.;Ketua DPRD
370;MERANGIN-BANGKO-PEMATANG KANDIS-001;Dr. Ir. H. Ahmad Fauzi Ansori, M.T.;Ketua DPRD
371;MERANGIN-BATANG MASUMAI-SALAM BUKU-005;Dr. Ir. H. Ahmad Fauzi Ansori, M.T.;Ketua DPRD
372;MERANGIN-BANGKO-PEMATANG KANDIS-002;Dr. Ir. H. Ahmad Fauzi Ansori, M.T.;Ketua DPRD
373;MERANGIN-BANGKO-PEMATANG KANDIS-003;Dr. Ir. H. Ahmad Fauzi Ansori, M.T.;Ketua DPRD
374;MERANGIN-BANGKO-DUSUN BANGKO-002;Dr. Ir. H. Ahmad Fauzi Ansori, M.T.;Ketua DPRD
375;MERANGIN-BANGKO-DUSUN BANGKO-003;Dr. Ir. H. Ahmad Fauzi Ansori, M.T.;Ketua DPRD
376;TANJUNG JABUNG TIMUR-MUARA SABAK TIMUR-MUARA SABAK ILIR-001;Yudi Hariyanto, EY;Ketua DPRD
377;TANJUNG JABUNG TIMUR-MUARA SABAK TIMUR-MUARA SABAK ILIR-002;Yudi Hariyanto, EY;Ketua DPRD
378;TANJUNG JABUNG TIMUR-MUARA SABAK TIMUR-MUARA SABAK ILIR-003;Yudi Hariyanto, EY;Ketua DPRD
379;TANJUNG JABUNG TIMUR-MUARA SABAK TIMUR-MUARA SABAK ILIR-004;Yudi Hariyanto, EY;Ketua DPRD
380;TANJUNG JABUNG TIMUR-MUARA SABAK TIMUR-LAMBUR I-001;Yudi Hariyanto, EY;Ketua DPRD
381;TANJUNG JABUNG TIMUR-MUARA SABAK TIMUR-LAMBUR I-002;Yudi Hariyanto, EY;Ketua DPRD
382;TEBO-MUARA TABIR-PINTAS TUO-001;Mazlan, S.Kom., M.E.;Komisi III
383;TEBO-MUARA TABIR-PINTAS TUO-002;Mazlan, S.Kom., M.E.;Komisi III
384;TEBO-MUARA TABIR-PINTAS TUO-003;Mazlan, S.Kom., M.E.;Komisi III
385;TEBO-MUARA TABIR-PINTAS TUO-004;Mazlan, S.Kom., M.E.;Komisi III
386;TEBO-MUARA TABIR-PINTAS TUO-005;Mazlan, S.Kom., M.E.;Komisi III
387;TEBO-MUARA TABIR-PINTAS TUO-006;Mazlan, S.Kom., M.E.;Komisi III
388;TEBO-MUARA TABIR-PINTAS TUO-007;Mazlan, S.Kom., M.E.;Komisi III
389;TEBO-MUARA TABIR-PINTAS TUO-008;Mazlan, S.Kom., M.E.;Komisi III
390;TEBO-MUARA TABIR-PINTAS TUO-009;Mazlan, S.Kom., M.E.;Komisi III
391;TEBO-MUARA TABIR-PINTAS TUO-010;Mazlan, S.Kom., M.E.;Komisi III
392;TEBO-MUARA TABIR-EMBACANG GEDANG-001;Mazlan, S.Kom., M.E.;Komisi III
393;TEBO-MUARA TABIR-EMBACANG GEDANG-002;Mazlan, S.Kom., M.E.;Komisi III
394;TEBO-MUARA TABIR-EMBACANG GEDANG-003;Mazlan, S.Kom., M.E.;Komisi III
395;TEBO-MUARA TABIR-EMBACANG GEDANG-004;Mazlan, S.Kom., M.E.;Komisi III
396;TEBO-MUARA TABIR-EMBACANG GEDANG-005;Mazlan, S.Kom., M.E.;Komisi III
397;TEBO-MUARA TABIR-EMBACANG GEDANG-006;Mazlan, S.Kom., M.E.;Komisi III
398;TEBO-MUARA TABIR-EMBACANG GEDANG-007;Mazlan, S.Kom., M.E.;Komisi III
399;TEBO-MUARA TABIR-EMBACANG GEDANG-008;Mazlan, S.Kom., M.E.;Komisi III
400;TEBO-MUARA TABIR-EMBACANG GEDANG-009;Mazlan, S.Kom., M.E.;Komisi III
401;TEBO-MUARA TABIR-EMBACANG GEDANG-010;Mazlan, S.Kom., M.E.;Komisi III
402;TEBO-MUARA TABIR-EMBACANG GEDANG-011;Mazlan, S.Kom., M.E.;Komisi III
403;TEBO-MUARA TABIR-EMBACANG GEDANG-012;Mazlan, S.Kom., M.E.;Komisi III
404;TEBO-MUARA TABIR-EMBACANG GEDANG-013;Mazlan, S.Kom., M.E.;Komisi III
405;TEBO-MUARA TABIR-EMBACANG GEDANG-014;Mazlan, S.Kom., M.E.;Komisi III
406;TEBO-MUARA TABIR-EMBACANG GEDANG-015;Mazlan, S.Kom., M.E.;Komisi III
407;KOTA JAMBI-DANAU TELUK-TANJUNG RADEN-001;Ning Hasyim;Gubernur
409;KOTA JAMBI-DANAU TELUK-TANJUNG RADEN-002;Ning Hasyim;Gubernur
411;KOTA JAMBI-DANAU TELUK-TANJUNG RADEN-003;Ning Hasyim;Gubernur
412;KOTA JAMBI-DANAU TELUK-TANJUNG RADEN-004;Ning Hasyim;Gubernur
413;KOTA JAMBI-DANAU TELUK-TANJUNG RADEN-005;Ning Hasyim;Gubernur
414;KOTA JAMBI-DANAU TELUK-TANJUNG RADEN-006;Ning Hasyim;Gubernur
415;KOTA JAMBI-DANAU TELUK-TANJUNG RADEN-007;Ning Hasyim;Gubernur
416;KOTA JAMBI-DANAU TELUK-TANJUNG RADEN-008;Ning Hasyim;Gubernur
418;KOTA JAMBI-DANAU TELUK-TANJUNG RADEN-009;Ning Hasyim;Gubernur
419;KOTA JAMBI-DANAU TELUK-TANJUNG RADEN-010;Ning Hasyim;Gubernur
420;MERANGIN-TIANG PUMPUNG-SEKANCING-001;Roni Paslah, SE, MM;Gubernur
421;MERANGIN-TIANG PUMPUNG-SEKANCING-002;Roni Paslah, SE, MM;Gubernur
422;MERANGIN-TIANG PUMPUNG-SEKANCING-003;Roni Paslah, SE, MM;Gubernur
423;MERANGIN-TIANG PUMPUNG-SEKANCING-004;Roni Paslah, SE, MM;Gubernur
424;MERANGIN-TIANG PUMPUNG-SEKANCING-005;Roni Paslah, SE, MM;Gubernur
425;MERANGIN-TIANG PUMPUNG-SEKANCING-006;Roni Paslah, SE, MM;Gubernur
426;MERANGIN-TIANG PUMPUNG-SEKANCING-007;Roni Paslah, SE, MM;Gubernur
427;MERANGIN-TIANG PUMPUNG-SEKANCING-008;Roni Paslah, SE, MM;Gubernur
428;MERANGIN-TIANG PUMPUNG-SEKANCING-009;Roni Paslah, SE, MM;Gubernur
429;MERANGIN-TIANG PUMPUNG-SEKANCING-010;Roni Paslah, SE, MM;Gubernur
430;MERANGIN-TIANG PUMPUNG-SEKANCING-011;Roni Paslah, SE, MM;Gubernur
431;MERANGIN-TIANG PUMPUNG-SEKANCING-012;Roni Paslah, SE, MM;Gubernur
432;MERANGIN-TIANG PUMPUNG-SEKANCING-013;Roni Paslah, SE, MM;Gubernur
433;MERANGIN-TIANG PUMPUNG-SEKANCING-014;Roni Paslah, SE, MM;Gubernur
434;MERANGIN-TIANG PUMPUNG-SEKANCING-015;Roni Paslah, SE, MM;Gubernur
435;MERANGIN-TIANG PUMPUNG-SEKANCING-016;Roni Paslah, SE, MM;Gubernur
436;MERANGIN-TIANG PUMPUNG-SEKANCING-017;Roni Paslah, SE, MM;Gubernur
437;MERANGIN-TIANG PUMPUNG-SEKANCING-018;Roni Paslah, SE, MM;Gubernur
438;MERANGIN-TIANG PUMPUNG-SEKANCING-019;Roni Paslah, SE, MM;Gubernur
439;MERANGIN-TIANG PUMPUNG-SEKANCING-020;Roni Paslah, SE, MM;Gubernur
440;MERANGIN-TIANG PUMPUNG-SEKANCING-021;Roni Paslah, SE, MM;Gubernur
441;MERANGIN-TIANG PUMPUNG-SEKANCING-022;Roni Paslah, SE, MM;Gubernur
442;MERANGIN-TIANG PUMPUNG-SEKANCING-023;Roni Paslah, SE, MM;Gubernur
443;MERANGIN-TIANG PUMPUNG-SEKANCING-024;Roni Paslah, SE, MM;Gubernur
444;MERANGIN-TIANG PUMPUNG-SEKANCING-025;Roni Paslah, SE, MM;Gubernur
445;MERANGIN-TIANG PUMPUNG-SEKANCING-026;Roni Paslah, SE, MM;Gubernur
446;MERANGIN-TIANG PUMPUNG-SEKANCING-027;Roni Paslah, SE, MM;Gubernur
447;MERANGIN-TIANG PUMPUNG-SEKANCING-028;Roni Paslah, SE, MM;Gubernur
448;MERANGIN-TIANG PUMPUNG-SEKANCING-029;Roni Paslah, SE, MM;Gubernur
449;MERANGIN-TIANG PUMPUNG-SEKANCING-030;Roni Paslah, SE, MM;Gubernur
450;KOTA JAMBI-KOTA BARU-RAWA SARI-001;Ketua RT 21;Gubernur
451;KOTA JAMBI-KOTA BARU-RAWA SARI-002;Ketua RT 21;Gubernur
452;KOTA JAMBI-KOTA BARU-RAWA SARI-003;Ketua RT 21;Gubernur
453;KOTA JAMBI-KOTA BARU-RAWA SARI-004;Ketua RT 21;Gubernur
454;KOTA JAMBI-KOTA BARU-RAWA SARI-005;Ketua RT 21;Gubernur
455;KOTA JAMBI-KOTA BARU-RAWA SARI-006;Ketua RT 21;Gubernur
456;KOTA JAMBI-KOTA BARU-RAWA SARI-007;Ketua RT 21;Gubernur
457;KOTA JAMBI-KOTA BARU-RAWA SARI-008;Ketua RT 21;Gubernur
459;KOTA JAMBI-KOTA BARU-RAWA SARI-009;Ketua RT 21;Gubernur
460;KOTA JAMBI-KOTA BARU-KENALI BESAR-005;Amin ADC;Gubernur
462;KOTA JAMBI-KOTA BARU-KENALI BESAR-006;Amin ADC;Gubernur
466;KOTA JAMBI-TELANAIPURA-TELANAIPURA-001;RT 09 Telanaipura;Gubernur
467;KOTA JAMBI-TELANAIPURA-TELANAIPURA-002;RT 09 Telanaipura;Gubernur
468;KOTA JAMBI-TELANAIPURA-TELANAIPURA-003;RT 09 Telanaipura;Gubernur
469;KOTA JAMBI-TELANAIPURA-TELANAIPURA-004;RT 09 Telanaipura;Gubernur
471;KOTA JAMBI-KOTA BARU-RAWA SARI-010;Ketua RT 21;Gubernur
472;MERANGIN-LEMBAH MASURAI-TUO-001;GM Geopark Merangin;Gubernur
473;MERANGIN-LEMBAH MASURAI-TUO-002;GM Geopark Merangin;Gubernur
474;MERANGIN-LEMBAH MASURAI-TUO-003;GM Geopark Merangin;Gubernur
475;MERANGIN-LEMBAH MASURAI-TUO-004;GM Geopark Merangin;Gubernur
476;MERANGIN-LEMBAH MASURAI-TALANG PARUH-001;GM Geopark Merangin;Gubernur
477;MERANGIN-LEMBAH MASURAI-TALANG PARUH-002;GM Geopark Merangin;Gubernur
478;MERANGIN-LEMBAH MASURAI-TALANG PARUH-003;GM Geopark Merangin;Gubernur
479;MERANGIN-LEMBAH MASURAI-TALANG PARUH-004;GM Geopark Merangin;Gubernur
480;MERANGIN-LEMBAH MASURAI-TALANG PARUH-005;GM Geopark Merangin;Gubernur
481;TANJUNG JABUNG BARAT-SENYERANG-SUNGAI LANDAK-001;Dr. Faizal Riza, S.T., M.M.;Ketua DPRD
482;TANJUNG JABUNG BARAT-SENYERANG-SUNGAI LANDAK-002;Dr. Faizal Riza, S.T., M.M.;Ketua DPRD
483;TANJUNG JABUNG BARAT-SENYERANG-SUNGAI LANDAK-003;Dr. Faizal Riza, S.T., M.M.;Ketua DPRD
484;TANJUNG JABUNG BARAT-SENYERANG-SUNGAI LANDAK-004;Dr. Faizal Riza, S.T., M.M.;Ketua DPRD
485;TANJUNG JABUNG BARAT-SENYERANG-SUNGAI LANDAK-005;Dr. Faizal Riza, S.T., M.M.;Ketua DPRD
486;TANJUNG JABUNG BARAT-SENYERANG-SUNGAI LANDAK-006;Dr. Faizal Riza, S.T., M.M.;Ketua DPRD
487;TANJUNG JABUNG BARAT-SENYERANG-SUNGAI LANDAK-007;Dr. Faizal Riza, S.T., M.M.;Ketua DPRD
488;TANJUNG JABUNG BARAT-SENYERANG-SUNGAI LANDAK-008;Dr. Faizal Riza, S.T., M.M.;Ketua DPRD
489;TANJUNG JABUNG BARAT-SENYERANG-SUNGAI LANDAK-009;Dr. Faizal Riza, S.T., M.M.;Ketua DPRD
490;TANJUNG JABUNG BARAT-SENYERANG-SUNGAI LANDAK-010;Dr. Faizal Riza, S.T., M.M.;Ketua DPRD
491;TANJUNG JABUNG BARAT-BRAM ITAM-KEMUNING-001;Dr. Faizal Riza, S.T., M.M.;Ketua DPRD
492;TANJUNG JABUNG BARAT-BRAM ITAM-KEMUNING-002;Dr. Faizal Riza, S.T., M.M.;Ketua DPRD
493;TANJUNG JABUNG BARAT-BRAM ITAM-KEMUNING-003;Dr. Faizal Riza, S.T., M.M.;Ketua DPRD
494;TANJUNG JABUNG BARAT-BRAM ITAM-KEMUNING-004;Dr. Faizal Riza, S.T., M.M.;Ketua DPRD
495;TANJUNG JABUNG BARAT-BRAM ITAM-KEMUNING-005;Dr. Faizal Riza, S.T., M.M.;Ketua DPRD
496;TANJUNG JABUNG BARAT-BRAM ITAM-KEMUNING-006;Dr. Faizal Riza, S.T., M.M.;Ketua DPRD
497;TANJUNG JABUNG BARAT-BRAM ITAM-KEMUNING-007;Dr. Faizal Riza, S.T., M.M.;Ketua DPRD
498;TANJUNG JABUNG BARAT-BRAM ITAM-KEMUNING-008;Dr. Faizal Riza, S.T., M.M.;Ketua DPRD
499;TANJUNG JABUNG BARAT-BRAM ITAM-KEMUNING-009;Dr. Faizal Riza, S.T., M.M.;Ketua DPRD
500;TANJUNG JABUNG BARAT-BRAM ITAM-KEMUNING-010;Dr. Faizal Riza, S.T., M.M.;Ketua DPRD
501;TANJUNG JABUNG BARAT-BRAM ITAM-KEMUNING-011;Dr. Faizal Riza, S.T., M.M.;Ketua DPRD
502;TANJUNG JABUNG BARAT-BRAM ITAM-KEMUNING-012;Dr. Faizal Riza, S.T., M.M.;Ketua DPRD
503;TANJUNG JABUNG BARAT-BRAM ITAM-KEMUNING-013;Dr. Faizal Riza, S.T., M.M.;Ketua DPRD
504;TANJUNG JABUNG BARAT-BRAM ITAM-KEMUNING-014;Dr. Faizal Riza, S.T., M.M.;Ketua DPRD
505;TANJUNG JABUNG BARAT-BRAM ITAM-KEMUNING-015;Dr. Faizal Riza, S.T., M.M.;Ketua DPRD
506;TANJUNG JABUNG BARAT-BRAM ITAM-KEMUNING-016;Dr. Faizal Riza, S.T., M.M.;Ketua DPRD
507;TANJUNG JABUNG BARAT-BRAM ITAM-KEMUNING-017;Dr. Faizal Riza, S.T., M.M.;Ketua DPRD
508;TANJUNG JABUNG BARAT-BRAM ITAM-KEMUNING-018;Dr. Faizal Riza, S.T., M.M.;Ketua DPRD
509;TANJUNG JABUNG BARAT-BRAM ITAM-KEMUNING-019;Dr. Faizal Riza, S.T., M.M.;Ketua DPRD
510;TANJUNG JABUNG BARAT-BRAM ITAM-KEMUNING-020;Dr. Faizal Riza, S.T., M.M.;Ketua DPRD
511;TEBO-TEBO TENGAH-MANGUN JAYO-011;ANSORI, S.Fil.i;Komisi III
512;TEBO-TEBO TENGAH-MANGUN JAYO-012;ANSORI, S.Fil.i;Komisi III
513;TEBO-TEBO TENGAH-MANGUN JAYO-013;ANSORI, S.Fil.i;Komisi III
514;TEBO-TEBO TENGAH-MANGUN JAYO-014;ANSORI, S.Fil.i;Komisi III
515;TEBO-TEBO TENGAH-MANGUN JAYO-015;ANSORI, S.Fil.i;Komisi III
95;MERANGIN-PAMENANG BARAT-LIMBUR-002;Syafaruddin;Komisi III
115;MERANGIN-PAMENANG BARAT-TANJUNG GEDANG-001;Syafaruddin;Komisi III
105;MERANGIN-PAMENANG-KEROYA-001;Syafaruddin;Komisi III
104;MERANGIN-PAMENANG-KEROYA-002;Syafaruddin;Komisi III
103;MERANGIN-PAMENANG-KEROYA-003;Syafaruddin;Komisi III
102;MERANGIN-PAMENANG-KEROYA-004;Syafaruddin;Komisi III
101;MERANGIN-PAMENANG-KEROYA-005;Syafaruddin;Komisi III
516;MUARO BUNGO-TANAH TUMBUH-LUBUK NIUR-001;Hambali;Komisi III
517;MUARO BUNGO-TANAH TUMBUH-TANAH TUMBUH-001;Hambali;Komisi III
518;MUARO BUNGO-TANAH TUMBUH-TANAH TUMBUH-002;Hambali;Komisi III
519;MUARO BUNGO-TANAH TUMBUH-TANAH TUMBUH-003;Hambali;Komisi III
520;MUARO BUNGO-TANAH TUMBUH-TANAH TUMBUH-004;Hambali;Komisi III
521;MUARO BUNGO-TANAH TUMBUH-TANAH TUMBUH-005;Hambali;Komisi III
522;MUARO BUNGO-TANAH TUMBUH-TANAH TUMBUH-006;Hambali;Komisi III
523;MERANGIN-MUARA SIAU-MUARA SIAU-001;GM Geopark Merangin;Gubernur
524;MERANGIN-MUARA SIAU-SUNGAI ULAS-001;Agus Zainuddin;Gubernur
525;MERANGIN-MUARA SIAU-SUNGAI ULAS-002;Agus Zainuddin;Gubernur
526;MERANGIN-MUARA SIAU-SUNGAI ULAS-003;Agus Zainuddin;Gubernur
527;MERANGIN-MUARA SIAU-SUNGAI ULAS-004;Agus Zainuddin;Gubernur
528;MERANGIN-MUARA SIAU-MUARA SIAU-002;Agus Zainuddin;Gubernur
529;MERANGIN-MUARA SIAU-MUARA SIAU-003;Agus Zainuddin;Gubernur
530;MERANGIN-MUARA SIAU-MUARA SIAU-004;Agus Zainuddin;Gubernur
531;MERANGIN-MUARA SIAU-MUARA SIAU-005;Agus Zainuddin;Gubernur
532;BATANG HARI-MUARA BULIAN-SIMPANG TERUSAN-001;M. Hafiz;Ketua DPRD
533;BATANG HARI-MUARA BULIAN-SIMPANG TERUSAN-002;M. Hafiz;Ketua DPRD
534;BATANG HARI-MUARA BULIAN-SIMPANG TERUSAN-003;M. Hafiz;Ketua DPRD
535;BATANG HARI-MUARA BULIAN-SIMPANG TERUSAN-004;M. Hafiz;Ketua DPRD
536;BATANG HARI-MUARA BULIAN-MALAPARI-001;M. Hafiz;Ketua DPRD
537;BATANG HARI-MUARA BULIAN-MALAPARI-002;M. Hafiz;Ketua DPRD
538;BATANG HARI-MUARA BULIAN-MALAPARI-003;M. Hafiz;Ketua DPRD
539;BATANG HARI-MUARA BULIAN-MALAPARI-004;M. Hafiz;Ketua DPRD
540;BATANG HARI-MUARA BULIAN-MUARA BULIAN-001;M. Hafiz;Ketua DPRD
541;BATANG HARI-MUARA BULIAN-MUARA BULIAN-002;M. Hafiz;Ketua DPRD
542;BATANG HARI-MUARA BULIAN-MUARA BULIAN-003;M. Hafiz;Ketua DPRD
543;BATANG HARI-MUARA BULIAN-MUARA BULIAN-004;M. Hafiz;Ketua DPRD
544;BATANG HARI-MUARA BULIAN-RENGAS CONDONG-001;M. Hafiz;Ketua DPRD
545;BATANG HARI-MUARA BULIAN-RENGAS CONDONG-002;M. Hafiz;Ketua DPRD
546;BATANG HARI-MUARA BULIAN-RENGAS CONDONG-004;M. Hafiz;Ketua DPRD
547;BATANG HARI-MUARA BULIAN-RENGAS CONDONG-005;M. Hafiz;Ketua DPRD
548;BATANG HARI-MUARA BULIAN-TERATAI-001;M. Hafiz;Ketua DPRD
549;BATANG HARI-MUARA BULIAN-TERATAI-002;M. Hafiz;Ketua DPRD
550;BATANG HARI-MUARA BULIAN-TERATAI-003;M. Hafiz;Ketua DPRD
551;BATANG HARI-MUARA BULIAN-TERATAI-004;M. Hafiz;Ketua DPRD
552;BATANG HARI-MUARA BULIAN-TERATAI-005;M. Hafiz;Ketua DPRD
553;BATANG HARI-MUARA BULIAN-TERATAI-006;M. Hafiz;Ketua DPRD
554;BATANG HARI-PEMAYUNG-TURE-011;M. Hafiz;Ketua DPRD
555;BATANG HARI-PEMAYUNG-TURE-012;M. Hafiz;Ketua DPRD
556;BATANG HARI-MUARA BULIAN-RENGAS CONDONG-003;M. Hafiz;Ketua DPRD
557;KERINCI-SIULAK MUKAI-TALANG TINGGI-007;Bupati Kerinci;Gubernur
558;KERINCI-SIULAK-SIULAK GEDANG-001;Arwiyanto, S.E.;Komisi III
559;KERINCI-SIULAK-SIULAK GEDANG-002;Arwiyanto, S.E.;Komisi III
560;BATANG HARI-BATIN XXIV-OLAK BESAR-001;M. Hafiz;Ketua DPRD
561;BATANG HARI-BATIN XXIV-OLAK BESAR-002;M. Hafiz;Ketua DPRD
562;BATANG HARI-BATIN XXIV-OLAK BESAR-003;M. Hafiz;Ketua DPRD
563;BATANG HARI-BATIN XXIV-OLAK BESAR-004;M. Hafiz;Ketua DPRD
564;BATANG HARI-BATIN XXIV-DURIAN LUNCUK-001;M. Hafiz;Ketua DPRD
565;BATANG HARI-BATIN XXIV-DURIAN LUNCUK-002;M. Hafiz;Ketua DPRD
566;BATANG HARI-BATIN XXIV-DURIAN LUNCUK-003;M. Hafiz;Ketua DPRD
567;BATANG HARI-BATIN XXIV-DURIAN LUNCUK-004;M. Hafiz;Ketua DPRD
568;BATANG HARI-BATIN XXIV-DURIAN LUNCUK-005;M. Hafiz;Ketua DPRD
569;BATANG HARI-BATIN XXIV-SIMPANG AUR GADING-001;M. Hafiz;Ketua DPRD
570;BATANG HARI-BATIN XXIV-SIMPANG AUR GADING-002;M. Hafiz;Ketua DPRD
571;BATANG HARI-BATIN XXIV-KARMEO-001;M. Hafiz;Ketua DPRD
572;BATANG HARI-BATIN XXIV-KARMEO-002;M. Hafiz;Ketua DPRD
573;BATANG HARI-BATIN XXIV-KARMEO-003;M. Hafiz;Ketua DPRD
574;BATANG HARI-BATIN XXIV-KARMEO-004;M. Hafiz;Ketua DPRD
575;BATANG HARI-BATIN XXIV-JANGGA BARU-001;M. Hafiz;Ketua DPRD
576;BATANG HARI-BATIN XXIV-JANGGA BARU-002;M. Hafiz;Ketua DPRD
577;BATANG HARI-BATIN XXIV-JANGGA BARU-003;M. Hafiz;Ketua DPRD
578;BATANG HARI-BATIN XXIV-JANGGA BARU-004;M. Hafiz;Ketua DPRD
579;BATANG HARI-BATIN XXIV-JANGGA BARU-005;M. Hafiz;Ketua DPRD
580;BATANG HARI-MUARA BULIAN-SUNGAI BULUH-001;M. Hafiz;Ketua DPRD
581;BATANG HARI-MUARA BULIAN-SUNGAI BULUH-002;M. Hafiz;Ketua DPRD
582;BATANG HARI-MUARA BULIAN-SUNGAI BULUH-003;M. Hafiz;Ketua DPRD
583;BATANG HARI-MUARA BULIAN-SUNGAI BULUH-004;M. Hafiz;Ketua DPRD
584;BATANG HARI-MUARA BULIAN-TERATAI-007;M. Hafiz;Ketua DPRD
585;BATANG HARI-MUARA BULIAN-TERATAI-008;M. Hafiz;Ketua DPRD
586;KERINCI-SIULAK-SIULAK GEDANG-003;Arwiyanto, S.E.;Komisi III
