No;Jarak (m);Pita;Nomor A;Nomor B;Kabupaten;Kecamatan;Desa/Kelurahan;Lon A;Lat A;Lon B;Lat B;Tanggal A;Tanggal B;Pengusul;Foto A;Foto B;Foto Identik;Status Koordinat;Keputusan;Catatan Petugas
1;0.9;<5 m;MUARO BUNGO-SEPENGGAL LINTAS-LUBUK LANDAI-002;MUARO BUNGO-SEPENGGAL LINTAS-LUBUK LANDAI-003;MUARO BUNGO;SEPENGGAL LINTAS;LUBUK LANDAI;101.953416;-1.400867;101.95341;-1.400872;12/02/2026;12/02/2026;Hambali;MUARO BUNGO-SEPENGGAL LINTAS-LUBUK LANDAI-002.jpg;MUARO BUNGO-SEPENGGAL LINTAS-LUBUK LANDAI-003.jpg;tidak;kedua koordinat sah;;
2;1.6;<5 m;KERINCI-SIULAK-TEBING TINGGI-001;KERINCI-SIULAK-TEBING TINGGI-002;KERINCI;SIULAK;TEBING TINGGI;101.34692;-1.95116;101.34693;-1.95115;11/06/2026;11/06/2026;Bupati Kerinci;KERINCI-SIULAK-TEBING TINGGI-001.jpg;KERINCI-SIULAK-TEBING TINGGI-002.jpg;tidak;kedua koordinat sah;;
3;3.4;<5 m;TEBO-TEBO TENGAH-MANGUN JAYO-012;TEBO-TEBO TENGAH-MANGUN JAYO-013;TEBO;TEBO TENGAH;MANGUN JAYO;102.440255;-1.560447;102.440284;-1.560438;03/06/2026;03/06/2026;ANSORI, S.Fil.i;TEBO-TEBO TENGAH-MANGUN JAYO-012.jpg;TEBO-TEBO TENGAH-MANGUN JAYO-013.jpg;tidak;kedua koordinat sah;;
4;3.6;<5 m;TEBO-MUARA TABIR-PINTAS TUO-001;TEBO-MUARA TABIR-PINTAS TUO-002;TEBO;MUARA TABIR;PINTAS TUO;102.56526;-1.6412;102.565292;-1.641196;03/06/2026;03/06/2026;Mazlan, S.Kom., M.E.;TEBO-MUARA TABIR-PINTAS TUO-001.jpg;TEBO-MUARA TABIR-PINTAS TUO-002.jpg;tidak;kedua koordinat sah;;
5;4.8;<5 m;SAROLANGUN-BATANG ASAI-BATU EMPANG-005;SAROLANGUN-BATANG ASAI-BATU EMPANG-007;SAROLANGUN;BATANG ASAI;BATU EMPANG;102.23543;-2.627897;102.235392;-2.627876;28/02/2026;28/02/2026;Gubernur Jambi;SAROLANGUN-BATANG ASAI-BATU EMPANG-005.jpg;SAROLANGUN-BATANG ASAI-BATU EMPANG-007.jpg;tidak;salah satu menunggu ukur ulang;;
6;4.8;<5 m;SAROLANGUN-BATANG ASAI-BATU EMPANG-006;SAROLANGUN-BATANG ASAI-BATU EMPANG-007;SAROLANGUN;BATANG ASAI;BATU EMPANG;102.23543;-2.627897;102.235392;-2.627876;28/02/2026;28/02/2026;Gubernur Jambi;SAROLANGUN-BATANG ASAI-BATU EMPANG-006.jpg;SAROLANGUN-BATANG ASAI-BATU EMPANG-007.jpg;tidak;kedua koordinat sah;;
7;7.4;5-10 m;TEBO-TEBO TENGAH-MANGUN JAYO-013;TEBO-TEBO TENGAH-MANGUN JAYO-014;TEBO;TEBO TENGAH;MANGUN JAYO;102.440284;-1.560438;102.440307;-1.560376;03/06/2026;03/06/2026;ANSORI, S.Fil.i;TEBO-TEBO TENGAH-MANGUN JAYO-013.jpg;TEBO-TEBO TENGAH-MANGUN JAYO-014.jpg;tidak;kedua koordinat sah;;
8;9.0;5-10 m;MERANGIN-LEMBAH MASURAI-TUO-002;MERANGIN-LEMBAH MASURAI-TUO-004;MERANGIN;LEMBAH MASURAI;TUO;101.90847;-2.37623;101.90854;-2.37627;26/06/2026;26/06/2026;GM Geopark Merangin;MERANGIN-LEMBAH MASURAI-TUO-002.jpg;MERANGIN-LEMBAH MASURAI-TUO-004.jpg;tidak;kedua koordinat sah;;
9;9.5;5-10 m;TANJUNG JABUNG TIMUR-MUARA SABAK TIMUR-MUARA SABAK ILIR-003;TANJUNG JABUNG TIMUR-MUARA SABAK TIMUR-MUARA SABAK ILIR-004;TANJUNG JABUNG TIMUR;MUARA SABAK TIMUR;MUARA SABAK ILIR;103.88408;-1.12497;103.88416;-1.12494;03/08/2026;03/08/2026;Yudi Hariyanto, EY;TANJUNG JABUNG TIMUR-MUARA SABAK TIMUR-MUARA SABAK ILIR-003.jpg;TANJUNG JABUNG TIMUR-MUARA SABAK TIMUR-MUARA SABAK ILIR-004.jpg;tidak;kedua koordinat sah;;
10;9.5;5-10 m;TANJUNG JABUNG BARAT-BRAM ITAM-KEMUNING-016;TANJUNG JABUNG BARAT-BRAM ITAM-KEMUNING-017;TANJUNG JABUNG BARAT;BRAM ITAM;KEMUNING;103.376398;-0.86254;103.376433;-0.862618;14/07/2026;14/07/2026;Dr. Faizal Riza, S.T., M.M.;TANJUNG JABUNG BARAT-BRAM ITAM-KEMUNING-016.jpg;TANJUNG JABUNG BARAT-BRAM ITAM-KEMUNING-017.jpg;tidak;kedua koordinat sah;;
11;9.7;5-10 m;MERANGIN-TIANG PUMPUNG-SEKANCING-020;MERANGIN-TIANG PUMPUNG-SEKANCING-029;MERANGIN;TIANG PUMPUNG;SEKANCING;102.185517;-2.256713;102.185592;-2.256757;28/06/2026;29/06/2026;Roni Paslah, SE, MM;MERANGIN-TIANG PUMPUNG-SEKANCING-020.jpg;MERANGIN-TIANG PUMPUNG-SEKANCING-029.jpg;tidak;kedua koordinat sah;;
12;9.8;5-10 m;TEBO-TEBO TENGAH-MANGUN JAYO-012;TEBO-TEBO TENGAH-MANGUN JAYO-014;TEBO;TEBO TENGAH;MANGUN JAYO;102.440255;-1.560447;102.440307;-1.560376;03/06/2026;03/06/2026;ANSORI, S.Fil.i;TEBO-TEBO TENGAH-MANGUN JAYO-012.jpg;TEBO-TEBO TENGAH-MANGUN JAYO-014.jpg;tidak;kedua koordinat sah;;
13;10.0;5-10 m;TEBO-TEBO TENGAH-MANGUN JAYO-011;TEBO-TEBO TENGAH-MANGUN JAYO-015;TEBO;TEBO TENGAH;MANGUN JAYO;102.44043;-1.560111;102.440418;-1.5602;03/06/2026;03/06/2026;ANSORI, S.Fil.i;TEBO-TEBO TENGAH-MANGUN JAYO-011.jpg;TEBO-TEBO TENGAH-MANGUN JAYO-015.jpg;tidak;kedua koordinat sah;;
14;10.1;10-20 m;TEBO-MUARA TABIR-EMBACANG GEDANG-013;TEBO-MUARA TABIR-EMBACANG GEDANG-014;TEBO;MUARA TABIR;EMBACANG GEDANG;102.51655;-1.64993;102.51646;-1.64994;03/06/2026;03/06/2026;Mazlan, S.Kom., M.E.;TEBO-MUARA TABIR-EMBACANG GEDANG-013.jpg;TEBO-MUARA TABIR-EMBACANG GEDANG-014.jpg;tidak;kedua koordinat sah;;
15;10.1;10-20 m;TEBO-RIMBO ILIR-SEPAKAT BERSATU-003;TEBO-RIMBO ILIR-SEPAKAT BERSATU-004;TEBO;RIMBO ILIR;SEPAKAT BERSATU;102.18799;-1.3853;102.18808;-1.38529;12/02/2026;12/02/2026;Hj. EKA MADJID MUAZ, S.E., M.H;TEBO-RIMBO ILIR-SEPAKAT BERSATU-003.jpg;TEBO-RIMBO ILIR-SEPAKAT BERSATU-004.jpg;tidak;kedua koordinat sah;;
16;10.1;10-20 m;TEBO-MUARA TABIR-EMBACANG GEDANG-005;TEBO-MUARA TABIR-EMBACANG GEDANG-006;TEBO;MUARA TABIR;EMBACANG GEDANG;102.519337;-1.650156;102.519275;-1.650222;03/06/2026;03/06/2026;Mazlan, S.Kom., M.E.;TEBO-MUARA TABIR-EMBACANG GEDANG-005.jpg;TEBO-MUARA TABIR-EMBACANG GEDANG-006.jpg;tidak;kedua koordinat sah;;
17;10.1;10-20 m;TEBO-MUARA TABIR-EMBACANG GEDANG-005;TEBO-MUARA TABIR-EMBACANG GEDANG-007;TEBO;MUARA TABIR;EMBACANG GEDANG;102.519337;-1.650156;102.519275;-1.650222;03/06/2026;03/06/2026;Mazlan, S.Kom., M.E.;TEBO-MUARA TABIR-EMBACANG GEDANG-005.jpg;TEBO-MUARA TABIR-EMBACANG GEDANG-007.jpg;tidak;salah satu menunggu ukur ulang;;
18;10.1;10-20 m;TEBO-MUARA TABIR-EMBACANG GEDANG-005;TEBO-MUARA TABIR-EMBACANG GEDANG-008;TEBO;MUARA TABIR;EMBACANG GEDANG;102.519337;-1.650156;102.519275;-1.650222;03/06/2026;03/06/2026;Mazlan, S.Kom., M.E.;TEBO-MUARA TABIR-EMBACANG GEDANG-005.jpg;TEBO-MUARA TABIR-EMBACANG GEDANG-008.jpg;tidak;salah satu menunggu ukur ulang;;
19;10.1;10-20 m;TEBO-MUARA TABIR-EMBACANG GEDANG-005;TEBO-MUARA TABIR-EMBACANG GEDANG-009;TEBO;MUARA TABIR;EMBACANG GEDANG;102.519337;-1.650156;102.519275;-1.650222;03/06/2026;03/06/2026;Mazlan, S.Kom., M.E.;TEBO-MUARA TABIR-EMBACANG GEDANG-005.jpg;TEBO-MUARA TABIR-EMBACANG GEDANG-009.jpg;tidak;salah satu menunggu ukur ulang;;
20;10.1;10-20 m;TEBO-MUARA TABIR-EMBACANG GEDANG-005;TEBO-MUARA TABIR-EMBACANG GEDANG-010;TEBO;MUARA TABIR;EMBACANG GEDANG;102.519337;-1.650156;102.519275;-1.650222;03/06/2026;03/06/2026;Mazlan, S.Kom., M.E.;TEBO-MUARA TABIR-EMBACANG GEDANG-005.jpg;TEBO-MUARA TABIR-EMBACANG GEDANG-010.jpg;tidak;salah satu menunggu ukur ulang;;
21;10.3;10-20 m;TANJUNG JABUNG BARAT-BATANG ASAM-DUSUN KEBUN-002;TANJUNG JABUNG BARAT-BATANG ASAM-DUSUN KEBUN-001;TANJUNG JABUNG BARAT;BATANG ASAM;DUSUN KEBUN;102.96432;-1.0674;102.96438;-1.06733;04/03/2026;04/03/2026;Ahmad Jahfar, S.H.;TANJUNG JABUNG BARAT-BATANG ASAM-DUSUN KEBUN-002.jpg;TANJUNG JABUNG BARAT-BATANG ASAM-DUSUN KEBUN-001.jpg;tidak;kedua koordinat sah;;
22;10.5;10-20 m;KOTA JAMBI-DANAU TELUK-TANJUNG RADEN-001;KOTA JAMBI-DANAU TELUK-TANJUNG RADEN-002;KOTA JAMBI;DANAU TELUK;TANJUNG RADEN;103.58653;-1.58544;103.586436;-1.585429;13/05/2026;06/10/2026;Ning Hasyim;KOTA JAMBI-DANAU TELUK-TANJUNG RADEN-001.jpg;Tanjung-Raden-002-2026-10-06.jpeg;tidak;kedua koordinat sah;;
23;10.9;10-20 m;TEBO-MUARA TABIR-EMBACANG GEDANG-001;TEBO-MUARA TABIR-EMBACANG GEDANG-002;TEBO;MUARA TABIR;EMBACANG GEDANG;102.5195;-1.64932;102.51941;-1.64928;03/06/2026;03/06/2026;Mazlan, S.Kom., M.E.;TEBO-MUARA TABIR-EMBACANG GEDANG-001.jpg;TEBO-MUARA TABIR-EMBACANG GEDANG-002.jpg;tidak;kedua koordinat sah;;
24;14.2;10-20 m;KERINCI-SIULAK MUKAI-SENIMPIK-003;KERINCI-SIULAK MUKAI-SENIMPIK-004;KERINCI;SIULAK MUKAI;SENIMPIK;101.34333;-1.9502;101.34325;-1.9501;11/06/2026;11/06/2026;Bupati Kerinci;KERINCI-SIULAK MUKAI-SENIMPIK-003.jpg;KERINCI-SIULAK MUKAI-SENIMPIK-004.jpg;tidak;kedua koordinat sah;;
25;14.8;10-20 m;KOTA JAMBI-KOTA BARU-KENALI BESAR-005;KOTA JAMBI-KOTA BARU-KENALI BESAR-006;KOTA JAMBI;KOTA BARU;KENALI BESAR;103.54214;-1.63112;103.542007;-1.631125;25/09/2026;26/06/2026;Amin ADC;Javana-Blok-Q-02-Kenali-Besar-006-2026-09-25.jpeg;KOTA JAMBI-KOTA BARU-KENALI BESAR-008.jpg;tidak;kedua koordinat sah;;
26;15.0;10-20 m;KOTA JAMBI-DANAU TELUK-TANJUNG RADEN-004;KOTA JAMBI-DANAU TELUK-TANJUNG RADEN-010;KOTA JAMBI;DANAU TELUK;TANJUNG RADEN;103.58649;-1.58518;103.586622;-1.58521;13/05/2026;26/05/2026;Ning Hasyim;KOTA JAMBI-DANAU TELUK-TANJUNG RADEN-004.jpg;KOTA JAMBI-DANAU TELUK-TANJUNG RADEN-010.jpg;tidak;kedua koordinat sah;;
27;17.6;10-20 m;KOTA JAMBI-TELANAIPURA-TELANAIPURA-001;KOTA JAMBI-TELANAIPURA-TELANAIPURA-002;KOTA JAMBI;TELANAIPURA;TELANAIPURA;103.5768;-1.60465;103.57667;-1.60474;03/10/2026;26/06/2026;RT 09 Telanaipura;RT-09-Pematang-Sulur-Telanaipura-003-2026-10-03.jpeg;KOTA JAMBI-TELANAIPURA-TELANAIPURA-004.png;tidak;kedua koordinat sah;;
28;18.9;10-20 m;KOTA JAMBI-DANAU TELUK-TANJUNG RADEN-004;KOTA JAMBI-DANAU TELUK-TANJUNG RADEN-005;KOTA JAMBI;DANAU TELUK;TANJUNG RADEN;103.58649;-1.58518;103.586325;-1.58514;13/05/2026;26/05/2026;Ning Hasyim;KOTA JAMBI-DANAU TELUK-TANJUNG RADEN-004.jpg;KOTA JAMBI-DANAU TELUK-TANJUNG RADEN-005.jpg;tidak;kedua koordinat sah;;
29;19.1;10-20 m;TEBO-MUARA TABIR-EMBACANG GEDANG-003;TEBO-MUARA TABIR-EMBACANG GEDANG-004;TEBO;MUARA TABIR;EMBACANG GEDANG;102.51943;-1.6498;102.51929;-1.6499;03/06/2026;03/06/2026;Mazlan, S.Kom., M.E.;TEBO-MUARA TABIR-EMBACANG GEDANG-003.jpg;TEBO-MUARA TABIR-EMBACANG GEDANG-004.jpg;tidak;kedua koordinat sah;;
30;19.9;10-20 m;BATANG HARI-BATIN XXIV-SIMPANG AUR GADING-001;BATANG HARI-BATIN XXIV-SIMPANG AUR GADING-002;BATANG HARI;BATIN XXIV;SIMPANG AUR GADING;103.01141;-1.86448;103.01125;-1.8644;30/07/2026;30/07/2026;M. Hafiz;BATANG HARI-BATIN XXIV-SIMPANG AUR GADING-001.jpg;BATANG HARI-BATIN XXIV-SIMPANG AUR GADING-002.jpg;tidak;kedua koordinat sah;;
31;20.5;20-30 m;MERANGIN-TIANG PUMPUNG-SEKANCING-015;MERANGIN-TIANG PUMPUNG-SEKANCING-016;MERANGIN;TIANG PUMPUNG;SEKANCING;102.18659;-2.256035;102.18656;-2.256217;28/06/2026;28/06/2026;Roni Paslah, SE, MM;MERANGIN-TIANG PUMPUNG-SEKANCING-015.jpg;MERANGIN-TIANG PUMPUNG-SEKANCING-016.jpg;tidak;kedua koordinat sah;;
32;22.4;20-30 m;KOTA JAMBI-JAMBI TIMUR-KASANG-002;KOTA JAMBI-JAMBI TIMUR-KASANG-001;KOTA JAMBI;JAMBI TIMUR;KASANG;103.620316;-1.586241;103.620331;-1.586442;01/10/2026;01/10/2026;Hj. Yuli Yuliarti, S.E., M.M.;Kasang-002-2026-10-01.jpeg;Kasang-001-2026-10-01.jpeg;tidak;kedua koordinat sah;;
33;23.1;20-30 m;MERANGIN-MUARA SIAU-MUARA SIAU-001;MERANGIN-MUARA SIAU-MUARA SIAU-005;MERANGIN;MUARA SIAU;MUARA SIAU;102.084256;-2.288207;102.084082;-2.28832;25/06/2026;25/06/2026;GM Geopark Merangin;MERANGIN-MUARA SIAU-MUARA SIAU-001.jpg;MERANGIN-MUARA SIAU-MUARA SIAU-005.jpg;tidak;kedua koordinat sah;;
34;23.1;20-30 m;TEBO-TEBO TENGAH-MANGUN JAYO-014;TEBO-TEBO TENGAH-MANGUN JAYO-015;TEBO;TEBO TENGAH;MANGUN JAYO;102.440307;-1.560376;102.440418;-1.5602;03/06/2026;03/06/2026;ANSORI, S.Fil.i;TEBO-TEBO TENGAH-MANGUN JAYO-014.jpg;TEBO-TEBO TENGAH-MANGUN JAYO-015.jpg;tidak;kedua koordinat sah;;
35;23.8;20-30 m;SAROLANGUN-BATANG ASAI-BATU EMPANG-004;SAROLANGUN-BATANG ASAI-BATU EMPANG-007;SAROLANGUN;BATANG ASAI;BATU EMPANG;102.235267;-2.62805;102.235392;-2.627876;28/02/2026;28/02/2026;Gubernur Jambi;SAROLANGUN-BATANG ASAI-BATU EMPANG-004.jpg;SAROLANGUN-BATANG ASAI-BATU EMPANG-007.jpg;tidak;kedua koordinat sah;;
36;24.6;20-30 m;MERANGIN-PAMENANG-PAMENANG-003;MERANGIN-PAMENANG-PAMENANG-002;MERANGIN;PAMENANG;PAMENANG;102.51771;-2.11819;102.51773;-2.11797;27/02/2026;27/02/2026;Syafaruddin;MERANGIN-PAMENANG-PAMENANG-003.jpg;MERANGIN-PAMENANG-PAMENANG-002.jpg;tidak;kedua koordinat sah;;
37;24.8;20-30 m;SAROLANGUN-BATANG ASAI-BATU EMPANG-008;SAROLANGUN-BATANG ASAI-BATU EMPANG-009;SAROLANGUN;BATANG ASAI;BATU EMPANG;102.234994;-2.62745;102.234956;-2.62723;28/02/2026;28/02/2026;Gubernur Jambi;SAROLANGUN-BATANG ASAI-BATU EMPANG-008.jpg;SAROLANGUN-BATANG ASAI-BATU EMPANG-009.jpg;tidak;kedua koordinat sah;;
38;24.8;20-30 m;SAROLANGUN-BATANG ASAI-BATU EMPANG-004;SAROLANGUN-BATANG ASAI-BATU EMPANG-005;SAROLANGUN;BATANG ASAI;BATU EMPANG;102.235267;-2.62805;102.23543;-2.627897;28/02/2026;28/02/2026;Gubernur Jambi;SAROLANGUN-BATANG ASAI-BATU EMPANG-004.jpg;SAROLANGUN-BATANG ASAI-BATU EMPANG-005.jpg;tidak;salah satu menunggu ukur ulang;;
39;24.8;20-30 m;SAROLANGUN-BATANG ASAI-BATU EMPANG-004;SAROLANGUN-BATANG ASAI-BATU EMPANG-006;SAROLANGUN;BATANG ASAI;BATU EMPANG;102.235267;-2.62805;102.23543;-2.627897;28/02/2026;28/02/2026;Gubernur Jambi;SAROLANGUN-BATANG ASAI-BATU EMPANG-004.jpg;SAROLANGUN-BATANG ASAI-BATU EMPANG-006.jpg;tidak;kedua koordinat sah;;
40;25.2;20-30 m;KOTA JAMBI-DANAU TELUK-TANJUNG RADEN-003;KOTA JAMBI-DANAU TELUK-TANJUNG RADEN-007;KOTA JAMBI;DANAU TELUK;TANJUNG RADEN;103.586506;-1.584465;103.586442;-1.584248;06/10/2026;06/10/2026;Ning Hasyim;Tanjung-Raden-003-2026-10-06.jpeg;Tanjung-Raden-007-2026-10-06.jpeg;tidak;kedua koordinat sah;;
41;25.6;20-30 m;MERANGIN-LEMBAH MASURAI-TUO-003;MERANGIN-LEMBAH MASURAI-TUO-004;MERANGIN;LEMBAH MASURAI;TUO;101.90877;-2.37629;101.90854;-2.37627;26/06/2026;26/06/2026;GM Geopark Merangin;MERANGIN-LEMBAH MASURAI-TUO-003.jpg;MERANGIN-LEMBAH MASURAI-TUO-004.jpg;tidak;kedua koordinat sah;;
42;27.0;20-30 m;MERANGIN-LEMBAH MASURAI-TALANG PARUH-003;MERANGIN-LEMBAH MASURAI-TALANG PARUH-004;MERANGIN;LEMBAH MASURAI;TALANG PARUH;102.000718;-2.352534;102.000901;-2.352374;29/06/2026;29/06/2026;GM Geopark Merangin;MERANGIN-LEMBAH MASURAI-TALANG PARUH-003.jpg;MERANGIN-LEMBAH MASURAI-TALANG PARUH-004.jpg;tidak;kedua koordinat sah;;
43;27.5;20-30 m;KOTA JAMBI-DANAU TELUK-TANJUNG RADEN-001;KOTA JAMBI-DANAU TELUK-TANJUNG RADEN-010;KOTA JAMBI;DANAU TELUK;TANJUNG RADEN;103.58653;-1.58544;103.586622;-1.58521;13/05/2026;26/05/2026;Ning Hasyim;KOTA JAMBI-DANAU TELUK-TANJUNG RADEN-001.jpg;KOTA JAMBI-DANAU TELUK-TANJUNG RADEN-010.jpg;tidak;kedua koordinat sah;;
44;28.3;20-30 m;KOTA JAMBI-DANAU TELUK-TANJUNG RADEN-002;KOTA JAMBI-DANAU TELUK-TANJUNG RADEN-004;KOTA JAMBI;DANAU TELUK;TANJUNG RADEN;103.586436;-1.585429;103.58649;-1.58518;06/10/2026;13/05/2026;Ning Hasyim;Tanjung-Raden-002-2026-10-06.jpeg;KOTA JAMBI-DANAU TELUK-TANJUNG RADEN-004.jpg;tidak;kedua koordinat sah;;
45;28.3;20-30 m;KERINCI-GUNUNG KERINCI-SIULAK DERAS MUDIK-004;KERINCI-GUNUNG KERINCI-SIULAK DERAS MUDIK-005;KERINCI;GUNUNG KERINCI;SIULAK DERAS MUDIK;101.29836;-1.89444;101.29813;-1.89433;11/06/2026;11/06/2026;Arwiyanto, S.E.;KERINCI-GUNUNG KERINCI-SIULAK DERAS MUDIK-004.jpg;KERINCI-GUNUNG KERINCI-SIULAK DERAS MUDIK-005.jpg;tidak;kedua koordinat sah;;
46;28.9;20-30 m;TEBO-MUARA TABIR-EMBACANG GEDANG-004;TEBO-MUARA TABIR-EMBACANG GEDANG-005;TEBO;MUARA TABIR;EMBACANG GEDANG;102.51929;-1.6499;102.519337;-1.650156;03/06/2026;03/06/2026;Mazlan, S.Kom., M.E.;TEBO-MUARA TABIR-EMBACANG GEDANG-004.jpg;TEBO-MUARA TABIR-EMBACANG GEDANG-005.jpg;tidak;kedua koordinat sah;;
47;29.1;20-30 m;MERANGIN-LEMBAH MASURAI-TALANG PARUH-004;MERANGIN-LEMBAH MASURAI-TALANG PARUH-005;MERANGIN;LEMBAH MASURAI;TALANG PARUH;102.000901;-2.352374;102.000794;-2.352135;29/06/2026;29/06/2026;GM Geopark Merangin;MERANGIN-LEMBAH MASURAI-TALANG PARUH-004.jpg;MERANGIN-LEMBAH MASURAI-TALANG PARUH-005.jpg;tidak;kedua koordinat sah;;
48;29.3;20-30 m;KOTA JAMBI-DANAU TELUK-TANJUNG RADEN-001;KOTA JAMBI-DANAU TELUK-TANJUNG RADEN-004;KOTA JAMBI;DANAU TELUK;TANJUNG RADEN;103.58653;-1.58544;103.58649;-1.58518;13/05/2026;13/05/2026;Ning Hasyim;KOTA JAMBI-DANAU TELUK-TANJUNG RADEN-001.jpg;KOTA JAMBI-DANAU TELUK-TANJUNG RADEN-004.jpg;tidak;kedua koordinat sah;;
49;30.0;30-50 m;KOTA JAMBI-DANAU TELUK-TANJUNG RADEN-004;KOTA JAMBI-DANAU TELUK-TANJUNG RADEN-006;KOTA JAMBI;DANAU TELUK;TANJUNG RADEN;103.58649;-1.58518;103.58653;-1.584913;13/05/2026;06/10/2026;Ning Hasyim;KOTA JAMBI-DANAU TELUK-TANJUNG RADEN-004.jpg;Tanjung-Raden-006-2026-10-06.jpeg;tidak;kedua koordinat sah;;
50;30.3;30-50 m;BATANG HARI-BATIN XXIV-DURIAN LUNCUK-003;BATANG HARI-BATIN XXIV-DURIAN LUNCUK-005;BATANG HARI;BATIN XXIV;DURIAN LUNCUK;102.99538;-1.87898;102.99525;-1.87922;30/07/2026;30/07/2026;M. Hafiz;BATANG HARI-BATIN XXIV-DURIAN LUNCUK-003.jpg;BATANG HARI-BATIN XXIV-DURIAN LUNCUK-005.jpg;tidak;kedua koordinat sah;;
51;30.4;30-50 m;TEBO-TEBO TENGAH-MANGUN JAYO-013;TEBO-TEBO TENGAH-MANGUN JAYO-015;TEBO;TEBO TENGAH;MANGUN JAYO;102.440284;-1.560438;102.440418;-1.5602;03/06/2026;03/06/2026;ANSORI, S.Fil.i;TEBO-TEBO TENGAH-MANGUN JAYO-013.jpg;TEBO-TEBO TENGAH-MANGUN JAYO-015.jpg;tidak;kedua koordinat sah;;
52;30.5;30-50 m;TANJUNG JABUNG BARAT-SENYERANG-SUNGAI KAYU ARO-005;TANJUNG JABUNG BARAT-SENYERANG-SUNGAI KAYU ARO-004;TANJUNG JABUNG BARAT;SENYERANG;SUNGAI KAYU ARO;103.13523;-0.75725;103.13518;-0.75752;04/03/2026;04/03/2026;Ahmad Jahfar, S.H.;TANJUNG JABUNG BARAT-SENYERANG-SUNGAI KAYU ARO-005.jpg;TANJUNG JABUNG BARAT-SENYERANG-SUNGAI KAYU ARO-004.jpg;tidak;kedua koordinat sah;;
53;31.9;30-50 m;KOTA JAMBI-DANAU TELUK-TANJUNG RADEN-002;KOTA JAMBI-DANAU TELUK-TANJUNG RADEN-010;KOTA JAMBI;DANAU TELUK;TANJUNG RADEN;103.586436;-1.585429;103.586622;-1.58521;06/10/2026;26/05/2026;Ning Hasyim;Tanjung-Raden-002-2026-10-06.jpeg;KOTA JAMBI-DANAU TELUK-TANJUNG RADEN-010.jpg;tidak;kedua koordinat sah;;
54;32.2;30-50 m;BATANG HARI-MUARA BULIAN-MUARA BULIAN-003;BATANG HARI-MUARA BULIAN-MUARA BULIAN-004;BATANG HARI;MUARA BULIAN;MUARA BULIAN;103.26343;-1.72208;103.26343;-1.72237;30/07/2026;30/07/2026;M. Hafiz;BATANG HARI-MUARA BULIAN-MUARA BULIAN-003.jpg;BATANG HARI-MUARA BULIAN-MUARA BULIAN-004.jpg;tidak;kedua koordinat sah;;
55;32.5;30-50 m;TEBO-TEBO TENGAH-MANGUN JAYO-011;TEBO-TEBO TENGAH-MANGUN JAYO-014;TEBO;TEBO TENGAH;MANGUN JAYO;102.44043;-1.560111;102.440307;-1.560376;03/06/2026;03/06/2026;ANSORI, S.Fil.i;TEBO-TEBO TENGAH-MANGUN JAYO-011.jpg;TEBO-TEBO TENGAH-MANGUN JAYO-014.jpg;tidak;kedua koordinat sah;;
56;32.8;30-50 m;SAROLANGUN-BATANG ASAI-BATU EMPANG-003;SAROLANGUN-BATANG ASAI-BATU EMPANG-008;SAROLANGUN;BATANG ASAI;BATU EMPANG;102.234715;-2.627546;102.234994;-2.62745;28/02/2026;28/02/2026;Gubernur Jambi;SAROLANGUN-BATANG ASAI-BATU EMPANG-003.jpg;SAROLANGUN-BATANG ASAI-BATU EMPANG-008.jpg;tidak;kedua koordinat sah;;
57;32.9;30-50 m;TEBO-TEBO TENGAH-MANGUN JAYO-012;TEBO-TEBO TENGAH-MANGUN JAYO-015;TEBO;TEBO TENGAH;MANGUN JAYO;102.440255;-1.560447;102.440418;-1.5602;03/06/2026;03/06/2026;ANSORI, S.Fil.i;TEBO-TEBO TENGAH-MANGUN JAYO-012.jpg;TEBO-TEBO TENGAH-MANGUN JAYO-015.jpg;tidak;kedua koordinat sah;;
58;33.7;30-50 m;SAROLANGUN-BATANG ASAI-BATU EMPANG-002;SAROLANGUN-BATANG ASAI-BATU EMPANG-003;SAROLANGUN;BATANG ASAI;BATU EMPANG;102.234529;-2.627306;102.234715;-2.627546;28/02/2026;28/02/2026;Gubernur Jambi;SAROLANGUN-BATANG ASAI-BATU EMPANG-002.jpg;SAROLANGUN-BATANG ASAI-BATU EMPANG-003.jpg;tidak;kedua koordinat sah;;
59;33.9;30-50 m;KOTA JAMBI-DANAU TELUK-TANJUNG RADEN-005;KOTA JAMBI-DANAU TELUK-TANJUNG RADEN-010;KOTA JAMBI;DANAU TELUK;TANJUNG RADEN;103.586325;-1.58514;103.586622;-1.58521;26/05/2026;26/05/2026;Ning Hasyim;KOTA JAMBI-DANAU TELUK-TANJUNG RADEN-005.jpg;KOTA JAMBI-DANAU TELUK-TANJUNG RADEN-010.jpg;tidak;kedua koordinat sah;;
60;34.0;30-50 m;MERANGIN-LEMBAH MASURAI-TUO-002;MERANGIN-LEMBAH MASURAI-TUO-003;MERANGIN;LEMBAH MASURAI;TUO;101.90847;-2.37623;101.90877;-2.37629;26/06/2026;26/06/2026;GM Geopark Merangin;MERANGIN-LEMBAH MASURAI-TUO-002.jpg;MERANGIN-LEMBAH MASURAI-TUO-003.jpg;tidak;kedua koordinat sah;;
61;34.0;30-50 m;KOTA JAMBI-DANAU TELUK-TANJUNG RADEN-005;KOTA JAMBI-DANAU TELUK-TANJUNG RADEN-006;KOTA JAMBI;DANAU TELUK;TANJUNG RADEN;103.586325;-1.58514;103.58653;-1.584913;26/05/2026;06/10/2026;Ning Hasyim;KOTA JAMBI-DANAU TELUK-TANJUNG RADEN-005.jpg;Tanjung-Raden-006-2026-10-06.jpeg;tidak;kedua koordinat sah;;
62;34.4;30-50 m;KOTA JAMBI-DANAU TELUK-TANJUNG RADEN-002;KOTA JAMBI-DANAU TELUK-TANJUNG RADEN-005;KOTA JAMBI;DANAU TELUK;TANJUNG RADEN;103.586436;-1.585429;103.586325;-1.58514;06/10/2026;26/05/2026;Ning Hasyim;Tanjung-Raden-002-2026-10-06.jpeg;KOTA JAMBI-DANAU TELUK-TANJUNG RADEN-005.jpg;tidak;kedua koordinat sah;;
63;34.6;30-50 m;KOTA JAMBI-DANAU TELUK-TANJUNG RADEN-006;KOTA JAMBI-DANAU TELUK-TANJUNG RADEN-010;KOTA JAMBI;DANAU TELUK;TANJUNG RADEN;103.58653;-1.584913;103.586622;-1.58521;06/10/2026;26/05/2026;Ning Hasyim;Tanjung-Raden-006-2026-10-06.jpeg;KOTA JAMBI-DANAU TELUK-TANJUNG RADEN-010.jpg;tidak;kedua koordinat sah;;
64;35.4;30-50 m;MERANGIN-TIANG PUMPUNG-SEKANCING-012;MERANGIN-TIANG PUMPUNG-SEKANCING-013;MERANGIN;TIANG PUMPUNG;SEKANCING;102.186687;-2.25728;102.186595;-2.256975;28/06/2026;28/06/2026;Roni Paslah, SE, MM;MERANGIN-TIANG PUMPUNG-SEKANCING-012.jpg;MERANGIN-TIANG PUMPUNG-SEKANCING-013.jpg;tidak;kedua koordinat sah;;
65;35.5;30-50 m;MUARO BUNGO-SEPENGGAL LINTAS-LUBUK LANDAI-010;MUARO BUNGO-SEPENGGAL LINTAS-LUBUK LANDAI-012;MUARO BUNGO;SEPENGGAL LINTAS;LUBUK LANDAI;101.9438;-1.39864;101.9441;-1.39853;12/02/2026;12/02/2026;Hambali;MUARO BUNGO-SEPENGGAL LINTAS-LUBUK LANDAI-010.jpg;MUARO BUNGO-SEPENGGAL LINTAS-LUBUK LANDAI-012.jpg;tidak;kedua koordinat sah;;
66;35.7;30-50 m;MERANGIN-BATANG MASUMAI-SALAM BUKU-004;MERANGIN-BATANG MASUMAI-SALAM BUKU-005;MERANGIN;BATANG MASUMAI;SALAM BUKU;102.261125;-2.062162;102.260833;-2.062028;09/07/2026;09/07/2026;Dr. Ir. H. Ahmad Fauzi Ansori, M.T.;MERANGIN-BATANG MASUMAI-SALAM BUKU-004.jpg;MERANGIN-BATANG MASUMAI-SALAM BUKU-005.jpg;tidak;kedua koordinat sah;;
67;35.8;30-50 m;TEBO-MUARA TABIR-EMBACANG GEDANG-004;TEBO-MUARA TABIR-EMBACANG GEDANG-006;TEBO;MUARA TABIR;EMBACANG GEDANG;102.51929;-1.6499;102.519275;-1.650222;03/06/2026;03/06/2026;Mazlan, S.Kom., M.E.;TEBO-MUARA TABIR-EMBACANG GEDANG-004.jpg;TEBO-MUARA TABIR-EMBACANG GEDANG-006.jpg;tidak;kedua koordinat sah;;
68;35.8;30-50 m;TEBO-MUARA TABIR-EMBACANG GEDANG-004;TEBO-MUARA TABIR-EMBACANG GEDANG-007;TEBO;MUARA TABIR;EMBACANG GEDANG;102.51929;-1.6499;102.519275;-1.650222;03/06/2026;03/06/2026;Mazlan, S.Kom., M.E.;TEBO-MUARA TABIR-EMBACANG GEDANG-004.jpg;TEBO-MUARA TABIR-EMBACANG GEDANG-007.jpg;tidak;salah satu menunggu ukur ulang;;
69;35.8;30-50 m;TEBO-MUARA TABIR-EMBACANG GEDANG-004;TEBO-MUARA TABIR-EMBACANG GEDANG-008;TEBO;MUARA TABIR;EMBACANG GEDANG;102.51929;-1.6499;102.519275;-1.650222;03/06/2026;03/06/2026;Mazlan, S.Kom., M.E.;TEBO-MUARA TABIR-EMBACANG GEDANG-004.jpg;TEBO-MUARA TABIR-EMBACANG GEDANG-008.jpg;tidak;salah satu menunggu ukur ulang;;
70;35.8;30-50 m;TEBO-MUARA TABIR-EMBACANG GEDANG-004;TEBO-MUARA TABIR-EMBACANG GEDANG-009;TEBO;MUARA TABIR;EMBACANG GEDANG;102.51929;-1.6499;102.519275;-1.650222;03/06/2026;03/06/2026;Mazlan, S.Kom., M.E.;TEBO-MUARA TABIR-EMBACANG GEDANG-004.jpg;TEBO-MUARA TABIR-EMBACANG GEDANG-009.jpg;tidak;salah satu menunggu ukur ulang;;
71;35.8;30-50 m;TEBO-MUARA TABIR-EMBACANG GEDANG-004;TEBO-MUARA TABIR-EMBACANG GEDANG-010;TEBO;MUARA TABIR;EMBACANG GEDANG;102.51929;-1.6499;102.519275;-1.650222;03/06/2026;03/06/2026;Mazlan, S.Kom., M.E.;TEBO-MUARA TABIR-EMBACANG GEDANG-004.jpg;TEBO-MUARA TABIR-EMBACANG GEDANG-010.jpg;tidak;salah satu menunggu ukur ulang;;
72;36.1;30-50 m;MERANGIN-PAMENANG-PAMENANG-003;MERANGIN-PAMENANG-PAMENANG-004;MERANGIN;PAMENANG;PAMENANG;102.51771;-2.11819;102.51798;-2.11837;27/02/2026;27/02/2026;Syafaruddin;MERANGIN-PAMENANG-PAMENANG-003.jpg;MERANGIN-PAMENANG-PAMENANG-004.jpg;tidak;kedua koordinat sah;;
73;36.1;30-50 m;KERINCI-SIULAK-DEMONG SAKTI-001;KERINCI-SIULAK-DEMONG SAKTI-002;KERINCI;SIULAK;DEMONG SAKTI;101.349735;-1.964147;101.349918;-1.964415;11/06/2026;11/06/2026;Arwiyanto, S.E.;KERINCI-SIULAK-DEMONG SAKTI-001.jpg;KERINCI-SIULAK-DEMONG SAKTI-002.jpg;tidak;kedua koordinat sah;;
74;36.2;30-50 m;KOTA JAMBI-DANAU TELUK-TANJUNG RADEN-008;KOTA JAMBI-DANAU TELUK-TANJUNG RADEN-009;KOTA JAMBI;DANAU TELUK;TANJUNG RADEN;103.585904;-1.584118;103.585995;-1.583805;06/10/2026;06/10/2026;Ning Hasyim;Tanjung-Raden-008-2026-10-06.jpeg;Tanjung-Raden-009-2026-10-06.jpeg;tidak;kedua koordinat sah;;
75;36.4;30-50 m;MERANGIN-TIANG PUMPUNG-SEKANCING-014;MERANGIN-TIANG PUMPUNG-SEKANCING-016;MERANGIN;TIANG PUMPUNG;SEKANCING;102.18649;-2.256537;102.18656;-2.256217;28/06/2026;28/06/2026;Roni Paslah, SE, MM;MERANGIN-TIANG PUMPUNG-SEKANCING-014.jpg;MERANGIN-TIANG PUMPUNG-SEKANCING-016.jpg;tidak;kedua koordinat sah;;
76;37.8;30-50 m;KOTA JAMBI-KOTA BARU-RAWA SARI-001;KOTA JAMBI-KOTA BARU-RAWA SARI-002;KOTA JAMBI;KOTA BARU;RAWA SARI;103.568173;-1.620498;103.56845;-1.620695;26/06/2026;26/06/2026;Ketua RT 21;KOTA JAMBI-KOTA BARU-RAWA SARI-001.jpg;KOTA JAMBI-KOTA BARU-RAWA SARI-002.jpg;tidak;kedua koordinat sah;;
77;37.8;30-50 m;BATANG HARI-MUARA BULIAN-SIMPANG TERUSAN-002;BATANG HARI-MUARA BULIAN-SIMPANG TERUSAN-003;BATANG HARI;MUARA BULIAN;SIMPANG TERUSAN;103.1723;-1.73301;103.17231;-1.73267;30/07/2026;30/07/2026;M. Hafiz;BATANG HARI-MUARA BULIAN-SIMPANG TERUSAN-002.jpg;BATANG HARI-MUARA BULIAN-SIMPANG TERUSAN-003.jpg;tidak;kedua koordinat sah;;
78;37.9;30-50 m;KERINCI-GUNUNG KERINCI-SIULAK DERAS MUDIK-006;KERINCI-GUNUNG KERINCI-SIULAK DERAS MUDIK-007;KERINCI;GUNUNG KERINCI;SIULAK DERAS MUDIK;101.30026;-1.89648;101.29992;-1.89646;11/06/2026;11/06/2026;Arwiyanto, S.E.;KERINCI-GUNUNG KERINCI-SIULAK DERAS MUDIK-006.jpg;KERINCI-GUNUNG KERINCI-SIULAK DERAS MUDIK-007.jpg;tidak;kedua koordinat sah;;
79;39.8;30-50 m;TEBO-TEBO TENGAH-MANGUN JAYO-011;TEBO-TEBO TENGAH-MANGUN JAYO-013;TEBO;TEBO TENGAH;MANGUN JAYO;102.44043;-1.560111;102.440284;-1.560438;03/06/2026;03/06/2026;ANSORI, S.Fil.i;TEBO-TEBO TENGAH-MANGUN JAYO-011.jpg;TEBO-TEBO TENGAH-MANGUN JAYO-013.jpg;tidak;kedua koordinat sah;;
80;40.2;30-50 m;MERANGIN-TIANG PUMPUNG-SEKANCING-019;MERANGIN-TIANG PUMPUNG-SEKANCING-020;MERANGIN;TIANG PUMPUNG;SEKANCING;102.185288;-2.256433;102.185517;-2.256713;28/06/2026;28/06/2026;Roni Paslah, SE, MM;MERANGIN-TIANG PUMPUNG-SEKANCING-019.jpg;MERANGIN-TIANG PUMPUNG-SEKANCING-020.jpg;tidak;kedua koordinat sah;;
81;40.3;30-50 m;KERINCI-SIULAK-SIULAK GEDANG-002;KERINCI-SIULAK-SIULAK GEDANG-003;KERINCI;SIULAK;SIULAK GEDANG;101.354186;-1.969492;101.354392;-1.969194;11/06/2026;11/06/2026;Arwiyanto, S.E.;KERINCI-SIULAK-SIULAK GEDANG-002.jpg;KERINCI-SIULAK-SIULAK GEDANG-003.jpg;tidak;kedua koordinat sah;;
82;40.4;30-50 m;KOTA JAMBI-DANAU TELUK-TANJUNG RADEN-001;KOTA JAMBI-DANAU TELUK-TANJUNG RADEN-005;KOTA JAMBI;DANAU TELUK;TANJUNG RADEN;103.58653;-1.58544;103.586325;-1.58514;13/05/2026;26/05/2026;Ning Hasyim;KOTA JAMBI-DANAU TELUK-TANJUNG RADEN-001.jpg;KOTA JAMBI-DANAU TELUK-TANJUNG RADEN-005.jpg;tidak;kedua koordinat sah;;
83;40.9;30-50 m;TEBO-MUARA TABIR-EMBACANG GEDANG-003;TEBO-MUARA TABIR-EMBACANG GEDANG-005;TEBO;MUARA TABIR;EMBACANG GEDANG;102.51943;-1.6498;102.519337;-1.650156;03/06/2026;03/06/2026;Mazlan, S.Kom., M.E.;TEBO-MUARA TABIR-EMBACANG GEDANG-003.jpg;TEBO-MUARA TABIR-EMBACANG GEDANG-005.jpg;tidak;kedua koordinat sah;;
84;41.8;30-50 m;MERANGIN-TIANG PUMPUNG-SEKANCING-001;MERANGIN-TIANG PUMPUNG-SEKANCING-002;MERANGIN;TIANG PUMPUNG;SEKANCING;102.187706;-2.255436;102.187755;-2.255063;28/06/2026;28/06/2026;Roni Paslah, SE, MM;MERANGIN-TIANG PUMPUNG-SEKANCING-001.jpg;MERANGIN-TIANG PUMPUNG-SEKANCING-002.jpg;tidak;kedua koordinat sah;;
85;42.0;30-50 m;TANJUNG JABUNG TIMUR-MUARA SABAK TIMUR-LAMBUR I-001;TANJUNG JABUNG TIMUR-MUARA SABAK TIMUR-LAMBUR I-002;TANJUNG JABUNG TIMUR;MUARA SABAK TIMUR;LAMBUR I;103.97462;-1.11112;103.97482;-1.1108;03/08/2026;03/08/2026;Yudi Hariyanto, EY;TANJUNG JABUNG TIMUR-MUARA SABAK TIMUR-LAMBUR I-001.jpg;TANJUNG JABUNG TIMUR-MUARA SABAK TIMUR-LAMBUR I-002.jpg;tidak;kedua koordinat sah;;
86;42.1;30-50 m;TEBO-TEBO TENGAH-MANGUN JAYO-011;TEBO-TEBO TENGAH-MANGUN JAYO-012;TEBO;TEBO TENGAH;MANGUN JAYO;102.44043;-1.560111;102.440255;-1.560447;03/06/2026;03/06/2026;ANSORI, S.Fil.i;TEBO-TEBO TENGAH-MANGUN JAYO-011.jpg;TEBO-TEBO TENGAH-MANGUN JAYO-012.jpg;tidak;kedua koordinat sah;;
87;42.6;30-50 m;TEBO-TEBO TENGAH-BEDARO RAMPAK-001;TEBO-TEBO TENGAH-BEDARO RAMPAK-004;TEBO;TEBO TENGAH;BEDARO RAMPAK;102.44415;-1.46117;102.4442;-1.46155;12/02/2026;12/02/2026;Hj. EKA MADJID MUAZ, S.E., M.H;TEBO-TEBO TENGAH-BEDARO RAMPAK-001.jpg;TEBO-TEBO TENGAH-BEDARO RAMPAK-004.jpg;tidak;kedua koordinat sah;;
88;42.9;30-50 m;MUARO BUNGO-SEPENGGAL LINTAS-LUBUK LANDAI-001;MUARO BUNGO-SEPENGGAL LINTAS-LUBUK LANDAI-003;MUARO BUNGO;SEPENGGAL LINTAS;LUBUK LANDAI;101.953327;-1.401249;101.95341;-1.400872;12/02/2026;12/02/2026;Hambali;MUARO BUNGO-SEPENGGAL LINTAS-LUBUK LANDAI-001.jpg;MUARO BUNGO-SEPENGGAL LINTAS-LUBUK LANDAI-003.jpg;tidak;kedua koordinat sah;;
89;43.3;30-50 m;KERINCI-GUNUNG KERINCI-SIULAK DERAS MUDIK-002;KERINCI-GUNUNG KERINCI-SIULAK DERAS MUDIK-003;KERINCI;GUNUNG KERINCI;SIULAK DERAS MUDIK;101.29866;-1.89518;101.29847;-1.89484;11/06/2026;11/06/2026;Arwiyanto, S.E.;KERINCI-GUNUNG KERINCI-SIULAK DERAS MUDIK-002.jpg;KERINCI-GUNUNG KERINCI-SIULAK DERAS MUDIK-003.jpg;tidak;kedua koordinat sah;;
90;43.6;30-50 m;MUARO BUNGO-SEPENGGAL LINTAS-LUBUK LANDAI-001;MUARO BUNGO-SEPENGGAL LINTAS-LUBUK LANDAI-002;MUARO BUNGO;SEPENGGAL LINTAS;LUBUK LANDAI;101.953327;-1.401249;101.953416;-1.400867;12/02/2026;12/02/2026;Hambali;MUARO BUNGO-SEPENGGAL LINTAS-LUBUK LANDAI-001.jpg;MUARO BUNGO-SEPENGGAL LINTAS-LUBUK LANDAI-002.jpg;tidak;kedua koordinat sah;;
91;44.2;30-50 m;SAROLANGUN-BATANG ASAI-BATU EMPANG-003;SAROLANGUN-BATANG ASAI-BATU EMPANG-009;SAROLANGUN;BATANG ASAI;BATU EMPANG;102.234715;-2.627546;102.234956;-2.62723;28/02/2026;28/02/2026;Gubernur Jambi;SAROLANGUN-BATANG ASAI-BATU EMPANG-003.jpg;SAROLANGUN-BATANG ASAI-BATU EMPANG-009.jpg;tidak;kedua koordinat sah;;
92;45.2;30-50 m;MERANGIN-LEMBAH MASURAI-TALANG PARUH-003;MERANGIN-LEMBAH MASURAI-TALANG PARUH-005;MERANGIN;LEMBAH MASURAI;TALANG PARUH;102.000718;-2.352534;102.000794;-2.352135;29/06/2026;29/06/2026;GM Geopark Merangin;MERANGIN-LEMBAH MASURAI-TALANG PARUH-003.jpg;MERANGIN-LEMBAH MASURAI-TALANG PARUH-005.jpg;tidak;kedua koordinat sah;;
93;45.4;30-50 m;MERANGIN-TIANG PUMPUNG-SEKANCING-001;MERANGIN-TIANG PUMPUNG-SEKANCING-003;MERANGIN;TIANG PUMPUNG;SEKANCING;102.187706;-2.255436;102.18785;-2.255818;28/06/2026;28/06/2026;Roni Paslah, SE, MM;MERANGIN-TIANG PUMPUNG-SEKANCING-001.jpg;MERANGIN-TIANG PUMPUNG-SEKANCING-003.jpg;tidak;kedua koordinat sah;;
94;46.1;30-50 m;KERINCI-GUNUNG KERINCI-SIULAK DERAS MUDIK-003;KERINCI-GUNUNG KERINCI-SIULAK DERAS MUDIK-004;KERINCI;GUNUNG KERINCI;SIULAK DERAS MUDIK;101.29847;-1.89484;101.29836;-1.89444;11/06/2026;11/06/2026;Arwiyanto, S.E.;KERINCI-GUNUNG KERINCI-SIULAK DERAS MUDIK-003.jpg;KERINCI-GUNUNG KERINCI-SIULAK DERAS MUDIK-004.jpg;tidak;kedua koordinat sah;;
95;47.2;30-50 m;TANJUNG JABUNG BARAT-BRAM ITAM-KEMUNING-009;TANJUNG JABUNG BARAT-BRAM ITAM-KEMUNING-010;TANJUNG JABUNG BARAT;BRAM ITAM;KEMUNING;103.37355;-0.859688;103.37385;-0.859988;14/07/2026;14/07/2026;Dr. Faizal Riza, S.T., M.M.;TANJUNG JABUNG BARAT-BRAM ITAM-KEMUNING-009.jpg;TANJUNG JABUNG BARAT-BRAM ITAM-KEMUNING-010.jpg;tidak;kedua koordinat sah;;
96;47.7;30-50 m;TEBO-TEBO TENGAH-BEDARO RAMPAK-001;TEBO-TEBO TENGAH-BEDARO RAMPAK-002;TEBO;TEBO TENGAH;BEDARO RAMPAK;102.44415;-1.46117;102.44376;-1.46099;12/02/2026;12/02/2026;Hj. EKA MADJID MUAZ, S.E., M.H;TEBO-TEBO TENGAH-BEDARO RAMPAK-001.jpg;TEBO-TEBO TENGAH-BEDARO RAMPAK-002.jpg;tidak;kedua koordinat sah;;
97;48.0;30-50 m;SAROLANGUN-BATANG ASAI-BATU EMPANG-001;SAROLANGUN-BATANG ASAI-BATU EMPANG-002;SAROLANGUN;BATANG ASAI;BATU EMPANG;102.234314;-2.626932;102.234529;-2.627306;28/02/2026;28/02/2026;Gubernur Jambi;SAROLANGUN-BATANG ASAI-BATU EMPANG-001.jpg;SAROLANGUN-BATANG ASAI-BATU EMPANG-002.jpg;tidak;kedua koordinat sah;;
98;48.0;30-50 m;SAROLANGUN-BATANG ASAI-BATU EMPANG-013;SAROLANGUN-BATANG ASAI-BATU EMPANG-014;SAROLANGUN;BATANG ASAI;BATU EMPANG;102.23502;-2.62936;102.23534;-2.62907;12/02/2026;12/02/2026;Gubernur Jambi;SAROLANGUN-BATANG ASAI-BATU EMPANG-013.jpg;SAROLANGUN-BATANG ASAI-BATU EMPANG-014.jpg;tidak;kedua koordinat sah;;
99;48.2;30-50 m;SAROLANGUN-BATANG ASAI-BATU EMPANG-002;SAROLANGUN-BATANG ASAI-BATU EMPANG-009;SAROLANGUN;BATANG ASAI;BATU EMPANG;102.234529;-2.627306;102.234956;-2.62723;28/02/2026;28/02/2026;Gubernur Jambi;SAROLANGUN-BATANG ASAI-BATU EMPANG-002.jpg;SAROLANGUN-BATANG ASAI-BATU EMPANG-009.jpg;tidak;kedua koordinat sah;;
100;48.3;30-50 m;SAROLANGUN-SINGKUT-PAYO LEBAR-003;SAROLANGUN-SINGKUT-PAYO LEBAR-004;SAROLANGUN;SINGKUT;PAYO LEBAR;102.7238306;-2.479888889;102.7237417;-2.480313889;09/07/2026;09/07/2026;Samsul Riduan, S.T.;SAROLANGUN-SINGKUT-PAYO LEBAR-003.jpg;SAROLANGUN-SINGKUT-PAYO LEBAR-004.jpg;tidak;kedua koordinat sah;;
101;48.4;30-50 m;TEBO-VII KOTO-TELUK KAYU PUTIH-001;TEBO-VII KOTO-TELUK KAYU PUTIH-002;TEBO;VII KOTO;TELUK KAYU PUTIH;101.99115;-1.17019;101.99138;-1.17056;26/02/2026;26/02/2026;Mustaharuddin, S.E.;TEBO-VII KOTO-TELUK KAYU PUTIH-001.jpg;TEBO-VII KOTO-TELUK KAYU PUTIH-002.jpg;tidak;kedua koordinat sah;;
102;48.8;30-50 m;TANJUNG JABUNG BARAT-SENYERANG-SUNGAI LANDAK-008;TANJUNG JABUNG BARAT-SENYERANG-SUNGAI LANDAK-009;TANJUNG JABUNG BARAT;SENYERANG;SUNGAI LANDAK;103.177412;-0.815707;103.17762;-0.816093;14/07/2026;14/07/2026;Dr. Faizal Riza, S.T., M.M.;TANJUNG JABUNG BARAT-SENYERANG-SUNGAI LANDAK-008.jpg;TANJUNG JABUNG BARAT-SENYERANG-SUNGAI LANDAK-009.jpg;tidak;kedua koordinat sah;;
103;49.1;30-50 m;MERANGIN-TIANG PUMPUNG-SEKANCING-022;MERANGIN-TIANG PUMPUNG-SEKANCING-023;MERANGIN;TIANG PUMPUNG;SEKANCING;102.180588;-2.253273;102.180487;-2.252843;28/06/2026;28/06/2026;Roni Paslah, SE, MM;MERANGIN-TIANG PUMPUNG-SEKANCING-022.jpg;MERANGIN-TIANG PUMPUNG-SEKANCING-023.jpg;tidak;kedua koordinat sah;;
104;49.2;30-50 m;TEBO-MUARA TABIR-PINTAS TUO-007;TEBO-MUARA TABIR-PINTAS TUO-008;TEBO;MUARA TABIR;PINTAS TUO;102.55072;-1.65495;102.550372;-1.654677;03/06/2026;03/06/2026;Mazlan, S.Kom., M.E.;TEBO-MUARA TABIR-PINTAS TUO-007.jpg;TEBO-MUARA TABIR-PINTAS TUO-008.jpg;tidak;kedua koordinat sah;;
105;49.2;30-50 m;TANJUNG JABUNG TIMUR-KUALA JAMBI-MAJELIS HIDAYAH-001;TANJUNG JABUNG TIMUR-KUALA JAMBI-MAJELIS HIDAYAH-002;TANJUNG JABUNG TIMUR;KUALA JAMBI;MAJELIS HIDAYAH;103.808;-1.04889;103.80795;-1.04845;11/06/2026;11/06/2026;Bupati Tanjab Timur;TANJUNG JABUNG TIMUR-KUALA JAMBI-MAJELIS HIDAYAH-001.jpg;TANJUNG JABUNG TIMUR-KUALA JAMBI-MAJELIS HIDAYAH-002.jpg;tidak;kedua koordinat sah;;
106;49.4;30-50 m;MERANGIN-TIANG PUMPUNG-SEKANCING-019;MERANGIN-TIANG PUMPUNG-SEKANCING-029;MERANGIN;TIANG PUMPUNG;SEKANCING;102.185288;-2.256433;102.185592;-2.256757;28/06/2026;29/06/2026;Roni Paslah, SE, MM;MERANGIN-TIANG PUMPUNG-SEKANCING-019.jpg;MERANGIN-TIANG PUMPUNG-SEKANCING-029.jpg;tidak;kedua koordinat sah;;
107;49.7;30-50 m;TANJUNG JABUNG TIMUR-MUARA SABAK TIMUR-MUARA SABAK ILIR-001;TANJUNG JABUNG TIMUR-MUARA SABAK TIMUR-MUARA SABAK ILIR-002;TANJUNG JABUNG TIMUR;MUARA SABAK TIMUR;MUARA SABAK ILIR;103.85089;-1.12494;103.85123;-1.12465;03/08/2026;03/08/2026;Yudi Hariyanto, EY;TANJUNG JABUNG TIMUR-MUARA SABAK TIMUR-MUARA SABAK ILIR-001.jpg;TANJUNG JABUNG TIMUR-MUARA SABAK TIMUR-MUARA SABAK ILIR-002.jpg;tidak;kedua koordinat sah;;
108;49.8;30-50 m;KOTA JAMBI-TELANAIPURA-TELANAIPURA-003;KOTA JAMBI-TELANAIPURA-TELANAIPURA-004;KOTA JAMBI;TELANAIPURA;TELANAIPURA;103.57644;-1.60553;103.576888;-1.605542;03/10/2026;03/10/2026;RT 09 Telanaipura;RT-09-Pematang-Sulur-Jalan-Mesjid-003-2026-10-03.jpeg;RT-09-Pematang-Sulur-Jalan-Mesjid-004-2026-10-03.jpeg;tidak;kedua koordinat sah;;
109;49.9;30-50 m;KOTA JAMBI-DANAU TELUK-TANJUNG RADEN-003;KOTA JAMBI-DANAU TELUK-TANJUNG RADEN-006;KOTA JAMBI;DANAU TELUK;TANJUNG RADEN;103.586506;-1.584465;103.58653;-1.584913;06/10/2026;06/10/2026;Ning Hasyim;Tanjung-Raden-003-2026-10-06.jpeg;Tanjung-Raden-006-2026-10-06.jpeg;tidak;kedua koordinat sah;;
110;50.0;30-50 m;TEBO-MUARA TABIR-EMBACANG GEDANG-003;TEBO-MUARA TABIR-EMBACANG GEDANG-006;TEBO;MUARA TABIR;EMBACANG GEDANG;102.51943;-1.6498;102.519275;-1.650222;03/06/2026;03/06/2026;Mazlan, S.Kom., M.E.;TEBO-MUARA TABIR-EMBACANG GEDANG-003.jpg;TEBO-MUARA TABIR-EMBACANG GEDANG-006.jpg;tidak;kedua koordinat sah;;
111;50.0;30-50 m;TEBO-MUARA TABIR-EMBACANG GEDANG-003;TEBO-MUARA TABIR-EMBACANG GEDANG-007;TEBO;MUARA TABIR;EMBACANG GEDANG;102.51943;-1.6498;102.519275;-1.650222;03/06/2026;03/06/2026;Mazlan, S.Kom., M.E.;TEBO-MUARA TABIR-EMBACANG GEDANG-003.jpg;TEBO-MUARA TABIR-EMBACANG GEDANG-007.jpg;tidak;salah satu menunggu ukur ulang;;
112;50.0;30-50 m;TEBO-MUARA TABIR-EMBACANG GEDANG-003;TEBO-MUARA TABIR-EMBACANG GEDANG-008;TEBO;MUARA TABIR;EMBACANG GEDANG;102.51943;-1.6498;102.519275;-1.650222;03/06/2026;03/06/2026;Mazlan, S.Kom., M.E.;TEBO-MUARA TABIR-EMBACANG GEDANG-003.jpg;TEBO-MUARA TABIR-EMBACANG GEDANG-008.jpg;tidak;salah satu menunggu ukur ulang;;
113;50.0;30-50 m;TEBO-MUARA TABIR-EMBACANG GEDANG-003;TEBO-MUARA TABIR-EMBACANG GEDANG-009;TEBO;MUARA TABIR;EMBACANG GEDANG;102.51943;-1.6498;102.519275;-1.650222;03/06/2026;03/06/2026;Mazlan, S.Kom., M.E.;TEBO-MUARA TABIR-EMBACANG GEDANG-003.jpg;TEBO-MUARA TABIR-EMBACANG GEDANG-009.jpg;tidak;salah satu menunggu ukur ulang;;
114;50.0;30-50 m;TEBO-MUARA TABIR-EMBACANG GEDANG-003;TEBO-MUARA TABIR-EMBACANG GEDANG-010;TEBO;MUARA TABIR;EMBACANG GEDANG;102.51943;-1.6498;102.519275;-1.650222;03/06/2026;03/06/2026;Mazlan, S.Kom., M.E.;TEBO-MUARA TABIR-EMBACANG GEDANG-003.jpg;TEBO-MUARA TABIR-EMBACANG GEDANG-010.jpg;tidak;salah satu menunggu ukur ulang;;
